Date ,Open ,High ,Low ,Close ,Shares Traded ,Turnover (â‚¹ Cr)
2019-01-01,10881.7,10923.6,10807.1,10910.1,159404542.0,8688.26
2019-01-02,10868.85,10895.35,10735.05,10792.5,309665939.0,15352.25
2019-01-03,10796.8,10814.05,10661.25,10672.25,286241745.0,15030.45
2019-01-04,10699.7,10741.05,10628.65,10727.35,296596655.0,14516.74
2019-01-07,10804.85,10835.95,10750.15,10771.8,269371080.0,12731.29
2019-01-08,10786.25,10818.45,10733.25,10802.15,277697672.0,13433.48
2019-01-09,10862.4,10870.4,10749.4,10855.15,333010535.0,16213.3
2019-01-10,10859.35,10859.35,10801.8,10821.6,254365477.0,12031.26
2019-01-11,10834.75,10850.15,10739.4,10794.95,260792200.0,13084.6
2019-01-14,10807.0,10808.0,10692.35,10737.6,298774178.0,12732.57
2019-01-15,10777.55,10896.95,10777.55,10886.8,310737078.0,14879.91
2019-01-16,10899.65,10928.15,10876.9,10890.3,276539042.0,13081.63
2019-01-17,10920.85,10930.65,10844.65,10905.2,271676319.0,13215.83
2019-01-18,10914.85,10928.2,10852.2,10906.95,323814108.0,16408.83
2019-01-21,10919.35,10987.45,10885.75,10961.85,288829125.0,17289.7
2019-01-22,10949.8,10949.8,10864.15,10922.75,300768112.0,17483.62
2019-01-23,10931.05,10944.8,10811.95,10831.5,298876314.0,14736.91
2019-01-24,10844.05,10866.6,10798.65,10849.8,361082096.0,15298.48
2019-01-25,10859.75,10931.7,10756.45,10780.55,463444758.0,20542.36
2019-01-28,10792.45,10804.45,10630.95,10661.55,419682627.0,21144.33
2019-01-29,10653.7,10690.35,10583.65,10652.2,356908994.0,18832.06
2019-01-30,10702.25,10710.2,10612.85,10651.8,410107910.0,21214.81
2019-01-31,10690.55,10838.05,10678.55,10830.95,604818027.0,27471.18
2019-02-01,10851.35,10983.45,10813.45,10893.65,482272661.0,23112.37
2019-02-04,10876.75,10927.9,10814.15,10912.25,318300039.0,15478.81
2019-02-05,10908.65,10956.7,10886.7,10934.35,268095127.0,13435.13
2019-02-06,10965.1,11072.6,10962.7,11062.45,298510497.0,15172.85
2019-02-07,11070.45,11118.1,11043.6,11069.4,263544426.0,13542.69
2019-02-08,11023.5,11041.2,10925.45,10943.6,352787419.0,15507.05
2019-02-11,10930.9,10930.9,10857.1,10888.8,285985383.0,13818.92
2019-02-12,10879.7,10910.9,10823.8,10831.4,292314643.0,14424.78
2019-02-13,10870.55,10891.65,10772.1,10793.65,321958549.0,15360.98
2019-02-14,10786.1,10792.7,10718.75,10746.05,627041405.0,20797.41
2019-02-15,10780.25,10785.75,10620.4,10724.4,521876968.0,20733.95
2019-02-18,10738.65,10759.9,10628.4,10640.95,345440240.0,14903.19
2019-02-19,10636.7,10722.85,10585.65,10604.35,291507060.0,13765.01
2019-02-20,10655.45,10752.7,10646.4,10735.45,289195306.0,13209.71
2019-02-21,10744.1,10808.85,10721.5,10789.85,279584955.0,14758.5
2019-02-22,10782.7,10801.55,10758.4,10791.65,396846597.0,24386.42
2019-02-25,10813.25,10887.1,10788.05,10880.1,385905142.0,16466.09
2019-02-26,10775.3,10888.75,10729.3,10835.3,414954476.0,19186.75
2019-02-27,10881.2,10939.7,10751.2,10806.65,381080073.0,18313.85
2019-02-28,10865.7,10865.7,10784.85,10792.5,644159018.0,27123.34
2019-03-01,10842.65,10877.9,10823.1,10863.5,308526309.0,15010.06
2019-03-05,10864.85,10994.9,10817.0,10987.45,373220239.0,17960.03
2019-03-06,11024.85,11062.3,10998.85,11053.0,372550850.0,17850.93
2019-03-07,11077.95,11089.05,11027.1,11058.2,321208766.0,15321.68
2019-03-08,11038.85,11049.0,11008.95,11035.4,326569833.0,14369.77
2019-03-11,11068.75,11180.9,11059.85,11168.05,352242287.0,17349.95
2019-03-12,11231.35,11320.4,11227.0,11301.2,391310519.0,20861.35
2019-03-13,11326.2,11352.3,11276.6,11341.7,382996187.0,20851.67
2019-03-14,11382.5,11383.45,11313.75,11343.25,294480678.0,15661.05
2019-03-15,11376.85,11487.0,11370.8,11426.85,463704896.0,25143.26
2019-03-18,11473.85,11530.15,11412.5,11462.2,320250041.0,16942.22
2019-03-19,11500.3,11543.85,11451.25,11532.4,326099667.0,16179.92
2019-03-20,11553.35,11556.1,11503.1,11521.05,366298049.0,18311.44
2019-03-22,11549.2,11572.8,11434.55,11456.9,386193935.0,19755.74
2019-03-25,11395.65,11395.65,11311.6,11354.25,294459196.0,14101.14
2019-03-26,11375.2,11496.75,11352.45,11483.25,282575496.0,14611.68
2019-03-27,11531.45,11546.2,11413.0,11445.05,350446089.0,18356.52
2019-03-28,11463.65,11588.5,11452.45,11570.0,527678809.0,25719.65
2019-03-29,11625.45,11630.35,11570.15,11623.9,416276981.0,20515.25
2019-04-01,11665.2,11738.1,11644.75,11669.15,379572660.0,18977.99
2019-04-02,11711.55,11729.35,11655.85,11713.2,386131413.0,18673.7
2019-04-03,11735.3,11761.0,11629.15,11643.95,365760070.0,19050.95
2019-04-04,11660.2,11662.55,11559.2,11598.0,349029830.0,19713.01
2019-04-05,11638.4,11689.65,11609.5,11665.95,266665797.0,15000.35
2019-04-08,11704.35,11710.3,11549.1,11604.5,260932608.0,14203.96
2019-04-09,11612.05,11683.9,11569.7,11671.95,300467538.0,15984.39
2019-04-10,11646.85,11680.05,11571.75,11584.3,359941110.0,22258.46
2019-04-11,11592.55,11606.7,11550.55,11596.7,279775726.0,14332.2
2019-04-12,11612.85,11657.35,11578.8,11643.45,246006184.0,13598.61
2019-04-15,11667.0,11704.6,11648.25,11690.35,289996075.0,15635.79
2019-04-16,11736.2,11810.95,11731.55,11787.15,354315040.0,17585.48
2019-04-18,11856.15,11856.15,11738.5,11752.8,339653709.0,18271.27
2019-04-22,11727.05,11727.05,11583.95,11594.45,260356055.0,13754.12
2019-04-23,11612.95,11645.95,11564.8,11575.95,272544486.0,14500.53
2019-04-24,11601.5,11740.85,11578.85,11726.15,335196513.0,17046.66
2019-04-25,11735.7,11796.75,11624.3,11641.8,604360395.0,28254.3
2019-04-26,11683.75,11762.9,11661.75,11754.65,333483764.0,18098.83
2019-04-30,11748.75,11756.25,11655.9,11748.15,532630874.0,23324.98
2019-05-02,11725.55,11789.3,11699.55,11724.75,380278045.0,17790.06
2019-05-03,11722.6,11770.9,11699.35,11712.25,305519934.0,15156.32
2019-05-06,11605.8,11632.55,11571.35,11598.25,299046480.0,14703.42
2019-05-07,11651.5,11657.05,11484.45,11497.9,337495624.0,16632.84
2019-05-08,11478.7,11479.1,11346.95,11359.45,372826025.0,17440.01
2019-05-09,11322.4,11357.6,11255.05,11301.8,373028059.0,17602.86
2019-05-10,11314.15,11345.8,11251.05,11278.9,387323416.0,18085.19
2019-05-13,11258.7,11300.2,11125.6,11148.2,357586433.0,16722.91
2019-05-14,11151.65,11294.75,11108.3,11222.05,398122725.0,19906.38
2019-05-15,11271.7,11286.8,11136.95,11157.0,414174258.0,17931.75
2019-05-16,11180.35,11281.55,11143.35,11257.1,350734572.0,15629.57
2019-05-17,11261.9,11426.15,11259.85,11407.15,412109200.0,20177.63
2019-05-20,11651.9,11845.2,11591.7,11828.25,452096261.0,25223.78
2019-05-21,11863.65,11883.55,11682.8,11709.1,381038129.0,20324.67
2019-05-22,11727.95,11784.8,11682.4,11737.9,355870667.0,19582.41
2019-05-23,11901.3,12041.15,11614.5,11657.05,569030654.0,31180.08
2019-05-24,11748.0,11859.0,11658.1,11844.1,374637415.0,20028.49
2019-05-27,11855.5,11957.15,11812.4,11924.75,348356214.0,17735.36
2019-05-28,11958.35,11958.55,11864.9,11928.75,598308334.0,28833.54
2019-05-29,11905.8,11931.9,11836.8,11861.1,318068673.0,15985.92
2019-05-30,11865.3,11968.55,11859.4,11945.9,421199867.0,20261.85
2019-05-31,11999.8,12039.25,11829.45,11922.8,438879129.0,22789.0
2019-06-03,11953.75,12103.05,11920.1,12088.55,315296955.0,17451.36
2019-06-04,12052.65,12095.2,12005.85,12021.65,289221904.0,15308.28
2019-06-06,12039.8,12039.8,11830.25,11843.75,415206942.0,21144.77
2019-06-07,11865.2,11897.5,11769.5,11870.65,302455910.0,14939.4
2019-06-10,11934.9,11975.05,11871.75,11922.7,303329445.0,13125.41
2019-06-11,11959.85,12000.35,11904.35,11965.6,332181958.0,15392.28
2019-06-12,11962.45,11962.45,11866.35,11906.2,283718253.0,14120.17
2019-06-13,11873.9,11931.35,11817.05,11914.05,447901993.0,18680.91
2019-06-14,11910.1,11911.85,11797.7,11823.3,390294634.0,16226.57
2019-06-17,11844.0,11844.05,11657.75,11672.15,295528399.0,13851.67
2019-06-18,11677.05,11727.2,11641.15,11691.5,365525622.0,16120.69
2019-06-19,11744.45,11802.5,11625.1,11691.45,446933027.0,18722.71
2019-06-20,11653.65,11843.5,11635.05,11831.75,442016954.0,18839.11
2019-06-21,11827.6,11827.95,11705.1,11724.1,468430388.0,23346.13
2019-06-24,11725.8,11754.0,11670.2,11699.65,277620788.0,12631.38
2019-06-25,11681.0,11814.4,11651.0,11796.45,300476353.0,13822.83
2019-06-26,11768.15,11871.85,11757.55,11847.55,327885018.0,14650.89
2019-06-27,11860.85,11911.15,11821.05,11841.55,480169350.0,23300.3
2019-06-28,11861.15,11871.7,11775.5,11788.85,303888701.0,15191.9
2019-07-01,11839.9,11884.65,11830.8,11865.6,278415889.0,12874.96
2019-07-02,11890.3,11917.45,11814.7,11910.3,363197036.0,13615.94
2019-07-03,11932.15,11945.2,11887.05,11916.75,340527508.0,14290.33
2019-07-04,11928.8,11969.25,11923.65,11946.75,333595172.0,14758.87
2019-07-05,11964.75,11981.75,11797.9,11811.15,530720039.0,18871.99
2019-07-08,11770.4,11771.9,11523.3,11558.6,464029444.0,19146.25
2019-07-09,11531.6,11582.55,11461.0,11555.9,442520253.0,21577.95
2019-07-10,11536.15,11593.7,11475.65,11498.9,337571014.0,16098.53
2019-07-11,11561.45,11599.0,11519.5,11582.9,317257578.0,14586.2
2019-07-12,11601.15,11639.55,11538.6,11552.5,359421182.0,16947.57
2019-07-15,11614.75,11618.4,11532.3,11588.35,368788782.0,15835.99
2019-07-16,11596.65,11670.05,11573.95,11662.6,480156167.0,15967.91
2019-07-17,11670.75,11706.65,11651.15,11687.5,464827734.0,15250.5
2019-07-18,11675.6,11677.15,11582.4,11596.9,498258158.0,16684.03
2019-07-19,11627.95,11640.35,11399.3,11419.25,446049198.0,17326.4
2019-07-22,11392.85,11398.15,11301.25,11346.2,516044335.0,19304.23
2019-07-23,11372.25,11398.15,11302.8,11331.05,458931191.0,19199.32
2019-07-24,11322.45,11359.75,11229.8,11271.3,413202832.0,18353.13
2019-07-25,11290.4,11361.4,11239.35,11252.15,553676897.0,24329.21
2019-07-26,11247.45,11307.6,11210.05,11284.3,522670420.0,20350.38
2019-07-29,11307.5,11310.95,11152.4,11189.2,482862376.0,18705.92
2019-07-30,11213.7,11267.45,11072.65,11085.4,479059399.0,20545.71
2019-07-31,11034.05,11145.3,10999.4,11118.0,536694278.0,23681.22
2019-08-01,11060.2,11076.75,10881.0,10980.0,499918953.0,21048.32
2019-08-02,10930.3,11080.15,10848.95,10997.35,547416246.0,23972.04
2019-08-05,10895.8,10895.8,10782.6,10862.6,506556609.0,20824.1
2019-08-06,10815.4,11018.55,10813.8,10948.25,517891491.0,21676.4
2019-08-07,10958.1,10975.65,10835.9,10855.5,548465787.0,21228.28
2019-08-08,10899.2,11058.05,10842.95,11032.45,482471622.0,20667.6
2019-08-09,11087.9,11181.45,11062.8,11109.65,538063563.0,21092.05
2019-08-13,11139.4,11145.9,10901.6,10925.85,624634647.0,24790.67
2019-08-14,11003.25,11078.15,10935.6,11029.4,511541716.0,19712.81
2019-08-16,11043.65,11068.65,10924.3,11047.8,470909918.0,19281.91
2019-08-19,11094.8,11146.9,11037.85,11053.9,369493161.0,14120.35
2019-08-20,11063.9,11076.3,10985.3,11017.0,444715679.0,16915.96
2019-08-21,11018.15,11034.2,10906.65,10918.7,557867906.0,16747.99
2019-08-22,10905.3,10908.25,10718.3,10741.35,668193449.0,18764.38
2019-08-23,10699.6,10862.55,10637.15,10829.35,667079625.0,20983.75
2019-08-26,11000.3,11070.3,10756.55,11057.85,684141923.0,22375.99
2019-08-27,11106.55,11141.75,11049.5,11105.35,685551267.0,27413.16
2019-08-28,11101.3,11129.65,10987.65,11046.1,549954696.0,16739.43
2019-08-29,10996.05,11021.1,10922.4,10948.3,649876160.0,20127.77
2019-08-30,10987.8,11042.6,10874.8,11023.25,628154431.0,21057.31
2019-09-03,10960.95,10967.5,10772.7,10797.9,483038985.0,16595.6
2019-09-04,10790.4,10858.75,10746.35,10844.65,508784352.0,19195.1
2019-09-05,10860.95,10920.1,10816.0,10847.9,595699267.0,18279.88
2019-09-06,10883.8,10957.05,10867.45,10946.2,497214445.0,18167.78
2019-09-09,10936.7,11028.85,10889.8,11003.05,412471067.0,14762.07
2019-09-11,11028.5,11054.8,11011.65,11035.7,687140326.0,19550.59
2019-09-12,11058.3,11081.75,10964.95,10982.8,551436050.0,17510.17
2019-09-13,10986.8,11084.45,10945.75,11075.9,624305151.0,18012.76
2019-09-16,10994.85,11052.7,10968.2,11003.5,434449776.0,15786.17
2019-09-17,11000.1,11000.1,10796.5,10817.6,482013044.0,17721.93
2019-09-18,10872.8,10885.15,10804.85,10840.65,519155072.0,16784.43
2019-09-19,10845.2,10845.2,10670.25,10704.8,642599183.0,16642.83
2019-09-20,10746.8,11381.9,10691.0,11274.2,1356767450.0,54081.53
2019-09-23,11542.7,11694.85,11471.35,11600.2,882826741.0,40005.01
2019-09-24,11590.7,11655.05,11539.2,11588.2,651722255.0,26930.07
2019-09-25,11564.85,11564.95,11416.1,11440.2,629054640.0,25266.24
2019-09-26,11469.85,11610.85,11466.35,11571.2,844465614.0,30707.84
2019-09-27,11556.35,11593.6,11499.75,11512.4,650017280.0,19036.94
2019-09-30,11491.15,11508.25,11390.8,11474.45,756848686.0,23748.07
2019-10-01,11515.4,11554.2,11247.9,11359.9,1305415159.0,28972.72
2019-10-03,11322.25,11370.4,11257.35,11314.0,1017479514.0,21658.38
2019-10-04,11388.45,11400.3,11158.35,11174.75,928524450.0,22470.76
2019-10-07,11196.2,11233.85,11112.65,11126.4,733198763.0,18641.37
2019-10-09,11152.95,11321.6,11090.15,11313.3,741148639.0,20961.54
2019-10-10,11280.5,11293.35,11208.55,11234.55,562017945.0,19234.31
2019-10-11,11257.7,11362.9,11189.4,11305.05,737795150.0,22511.39
2019-10-14,11335.9,11420.45,11290.05,11341.15,587579191.0,17499.48
2019-10-15,11360.85,11462.35,11342.1,11428.3,527396180.0,17041.55
2019-10-16,11464.95,11481.05,11411.1,11464.0,533468525.0,18266.06
2019-10-17,11466.3,11599.1,11439.65,11586.35,797572398.0,20839.2
2019-10-18,11580.3,11684.7,11553.15,11661.85,853440208.0,22315.99
2019-10-22,11657.15,11714.35,11573.65,11588.35,867601307.0,29726.27
2019-10-23,11596.2,11651.6,11554.4,11604.1,664159887.0,23397.69
2019-10-24,11661.65,11679.6,11534.65,11582.6,700481662.0,25177.46
2019-10-25,11646.15,11646.9,11490.75,11583.9,812027840.0,23611.51
2019-10-27,11662.25,11672.4,11604.6,11627.15,161779004.0,3548.21
2019-10-29,11643.95,11809.4,11627.35,11786.85,951722529.0,27054.87
2019-10-30,11883.9,11883.95,11784.45,11844.1,725219760.0,22672.18
2019-10-31,11890.45,11945.0,11855.1,11877.45,1414837250.0,31304.73
2019-11-01,11886.6,11918.3,11843.35,11890.6,855338495.0,24933.55
2019-11-04,11928.9,11989.15,11905.35,11941.3,823050457.0,23203.88
2019-11-05,11974.6,11978.95,11861.9,11917.2,631952071.0,20995.88
2019-11-06,11911.5,12002.9,11850.25,11966.05,603351290.0,23324.97
2019-11-07,12021.1,12021.4,11946.85,12012.05,562963817.0,20898.24
2019-11-08,11987.15,12034.15,11888.75,11908.15,789254360.0,22931.52
2019-11-11,11879.2,11932.65,11853.95,11913.45,548979515.0,16548.47
2019-11-13,11908.3,11946.8,11823.2,11840.45,659035969.0,20401.5
2019-11-14,11858.75,11895.65,11802.65,11872.1,559494025.0,19114.86
2019-11-15,11904.2,11973.65,11879.25,11895.45,580154179.0,22350.63
2019-11-18,11915.15,11946.2,11867.6,11884.5,514352437.0,17991.41
2019-11-19,11919.45,11958.85,11881.75,11940.1,613909679.0,21574.84
2019-11-20,12004.75,12038.6,11966.05,11999.1,646661147.0,24341.14
2019-11-21,12025.65,12028.2,11956.9,11968.4,557685781.0,21609.99
2019-11-22,11967.3,11968.1,11883.5,11914.4,486815185.0,19243.57
2019-11-25,11922.45,12084.5,11919.75,12073.75,534289467.0,19990.44
2019-11-26,12110.2,12132.45,12006.35,12037.7,1201335831.0,46030.62
2019-11-27,12068.5,12114.9,12055.15,12100.7,584226618.0,19937.4
2019-11-28,12132.1,12158.8,12099.95,12151.15,620479403.0,21229.58
2019-11-29,12146.2,12147.4,12017.4,12056.05,804430391.0,21838.04
2019-12-02,12137.05,12137.15,12023.7,12048.2,720945335.0,23113.18
2019-12-03,12067.65,12068.6,11956.4,11994.2,605789334.0,18203.76
2019-12-04,11969.95,12054.7,11935.3,12043.2,747193818.0,22132.83
2019-12-05,12071.25,12081.2,11998.75,12018.4,562228745.0,19589.81
2019-12-06,12047.35,12057.05,11888.85,11921.5,609221205.0,18245.49
2019-12-09,11939.1,11981.95,11888.05,11937.5,599115748.0,16672.87
2019-12-10,11950.5,11953.2,11844.7,11856.8,650219487.0,16514.63
2019-12-11,11867.35,11923.2,11832.3,11910.15,997655048.0,18760.57
2019-12-12,11944.3,12005.5,11934.0,11971.8,752617138.0,18401.22
2019-12-13,12026.4,12098.85,12023.6,12086.7,597712516.0,20626.8
2019-12-16,12131.35,12134.65,12046.3,12053.95,437703921.0,16110.34
2019-12-17,12082.45,12182.75,12070.35,12165.0,499585789.0,20968.79
2019-12-18,12197.0,12237.7,12163.45,12221.65,518854651.0,22341.06
2019-12-19,12223.4,12268.35,12191.15,12259.7,623049839.0,19761.9
2019-12-20,12266.45,12293.9,12252.75,12271.8,810676090.0,25750.24
2019-12-23,12235.45,12287.15,12213.25,12262.75,604782354.0,18078.23
2019-12-24,12269.25,12283.7,12202.1,12214.55,470290298.0,13864.56
2019-12-26,12211.85,12221.55,12118.85,12126.55,520326632.0,16362.31
2019-12-27,12172.9,12258.45,12157.9,12245.8,383788556.0,13676.2
2019-12-30,12274.9,12286.45,12213.8,12255.85,411084614.0,14556.73
2019-12-31,12247.1,12247.1,12151.8,12168.45,426931711.0,14812.89
2020-01-01,12202.15,12222.2,12165.3,12182.5,304078039.0,10445.68
2020-01-02,12198.55,12289.9,12195.25,12282.2,407697594.0,15256.55
2020-01-03,12261.1,12265.6,12191.35,12226.65,428770054.0,16827.27
2020-01-06,12170.6,12179.1,11974.2,11993.05,396501419.0,16869.22
2020-01-07,12079.1,12152.15,12005.35,12052.95,447818617.0,17797.68
2020-01-08,11939.1,12044.95,11929.6,12025.35,445991640.0,18281.15
2020-01-09,12153.15,12224.05,12132.55,12215.9,477469878.0,18456.64
2020-01-10,12271.0,12311.2,12213.2,12256.8,660627930.0,18818.62
2020-01-13,12296.7,12337.75,12285.8,12329.55,500968242.0,17522.13
2020-01-14,12333.1,12374.25,12308.7,12362.3,616260555.0,17948.92
2020-01-15,12349.4,12355.15,12278.75,12343.3,684352965.0,17882.51
2020-01-16,12347.1,12389.05,12315.8,12355.5,395670245.0,16004.06
2020-01-17,12328.4,12385.45,12321.4,12352.35,502060615.0,21397.63
2020-01-20,12430.5,12430.5,12216.9,12224.55,491609317.0,21415.43
2020-01-21,12195.3,12230.05,12162.3,12169.85,443976442.0,18682.65
2020-01-22,12218.35,12225.05,12087.9,12106.9,526294513.0,19758.68
2020-01-23,12123.75,12189.0,12094.1,12180.35,867653663.0,23829.39
2020-01-24,12174.55,12272.15,12149.65,12248.25,593237908.0,18032.27
2020-01-27,12197.1,12216.6,12107.0,12119.0,441158138.0,17988.61
2020-01-28,12148.1,12163.55,12024.5,12055.8,478484057.0,20917.62
2020-01-29,12114.9,12169.6,12103.8,12129.5,514362340.0,20646.18
2020-01-30,12147.75,12150.3,12010.6,12035.8,538138743.0,19372.67
2020-01-31,12100.4,12103.55,11945.85,11962.1,771278258.0,26044.91
2020-02-01,11939.0,12017.35,11633.3,11661.85,537634767.0,20598.12
2020-02-03,11627.45,11749.85,11614.5,11707.9,669815788.0,25415.26
2020-02-04,11786.25,11986.15,11783.4,11979.65,560430291.0,22338.5
2020-02-05,12005.85,12098.15,11953.35,12089.15,758032580.0,22998.05
2020-02-06,12120.0,12160.6,12084.65,12137.95,565116236.0,21735.92
2020-02-07,12151.15,12154.7,12073.95,12098.35,473475144.0,16339.61
2020-02-10,12102.35,12103.55,11990.75,12031.5,525674715.0,17185.14
2020-02-11,12108.4,12172.3,12099.0,12107.9,480491557.0,16209.52
2020-02-12,12151.0,12231.75,12144.3,12201.2,412399174.0,16598.33
2020-02-13,12219.55,12225.65,12139.8,12174.65,501510138.0,16315.27
2020-02-14,12190.15,12246.7,12091.2,12113.45,623053270.0,20759.51
2020-02-17,12131.8,12159.6,12037.0,12045.8,455412408.0,15439.55
2020-02-18,12028.25,12030.75,11908.05,11992.5,677307424.0,18853.0
2020-02-19,12090.6,12134.7,12042.1,12125.9,514030605.0,17610.89
2020-02-20,12119.0,12152.0,12071.45,12080.85,502875583.0,18831.51
2020-02-24,12012.55,12012.55,11813.4,11829.4,491224913.0,19421.04
2020-02-25,11877.5,11883.05,11779.9,11797.9,461349973.0,18510.82
2020-02-26,11738.55,11783.25,11639.6,11678.5,567990976.0,21887.07
2020-02-27,11661.25,11663.85,11536.7,11633.3,609266324.0,21623.47
2020-02-28,11382.0,11384.8,11175.05,11201.75,810523106.0,32297.15
2020-03-02,11387.35,11433.0,11036.25,11132.75,681148567.0,24204.55
2020-03-03,11217.55,11342.25,11152.55,11303.3,696919348.0,23281.2
2020-03-04,11351.35,11356.6,11082.15,11251.0,798021596.0,26928.46
2020-03-05,11306.05,11389.5,11244.6,11269.0,1353209029.0,26980.65
2020-03-06,10942.65,11035.1,10827.4,10989.45,1811564187.0,26455.29
2020-03-09,10742.05,10751.55,10294.45,10451.45,1566119057.0,35151.79
2020-03-11,10334.3,10545.1,10334.0,10458.4,1219079693.0,32548.47
2020-03-12,10039.95,10040.75,9508.0,9590.15,1344263317.0,39283.97
2020-03-13,9107.6,10159.4,8555.15,9955.2,1389061775.0,44167.89
2020-03-16,9587.8,9602.2,9165.1,9197.4,898523271.0,29181.8
2020-03-17,9285.4,9403.8,8915.6,8967.05,936185892.0,28004.16
2020-03-18,9088.45,9127.55,8407.05,8468.8,1517275761.0,39256.71
2020-03-19,8063.3,8575.45,7832.55,8263.45,926508824.0,34274.23
2020-03-20,8284.45,8883.0,8178.2,8745.45,1072263600.0,37321.25
2020-03-23,7945.7,8159.25,7583.6,7610.25,654151814.0,23891.9
2020-03-24,7848.3,8036.95,7511.1,7801.05,739354439.0,28282.09
2020-03-25,7735.15,8376.75,7714.75,8317.85,738114713.0,28482.01
2020-03-26,8451.0,8749.05,8304.9,8641.45,866534643.0,32228.31
2020-03-27,8949.1,9038.9,8522.9,8660.25,801923401.0,31336.86
2020-03-30,8385.95,8576.0,8244.0,8281.1,593953051.0,24724.44
2020-03-31,8529.35,8678.3,8358.0,8597.75,713390935.0,27401.3
2020-04-01,8584.1,8588.1,8198.35,8253.8,507509685.0,21307.3
2020-04-03,8356.55,8356.55,8055.8,8083.8,697752438.0,26561.18
2020-04-07,8446.3,8819.4,8360.95,8792.2,815245226.0,35206.69
2020-04-08,8688.9,9131.7,8653.9,8748.75,897562690.0,37641.68
2020-04-09,8973.05,9128.35,8904.55,9111.9,743036134.0,32907.82
2020-04-13,9103.95,9112.05,8912.4,8993.85,644468815.0,26749.06
2020-04-15,9196.4,9261.2,8874.1,8925.3,880159358.0,41878.64
2020-04-16,8851.25,9053.75,8821.9,8992.8,720116479.0,31318.29
2020-04-17,9323.45,9324.0,9091.35,9266.75,684910520.0,33334.73
2020-04-20,9390.2,9390.85,9230.8,9261.85,726364699.0,28620.91
2020-04-21,9016.95,9044.4,8909.4,8981.45,655122903.0,28273.89
2020-04-22,9026.75,9209.75,8946.25,9187.3,734383388.0,33981.82
2020-04-23,9232.35,9343.6,9170.15,9313.9,666650462.0,30270.55
2020-04-24,9163.9,9296.9,9141.3,9154.4,659439249.0,32859.05
2020-04-27,9259.7,9377.1,9250.35,9282.3,512793298.0,26696.54
2020-04-28,9389.8,9404.4,9260.0,9380.9,614548983.0,30091.41
2020-04-29,9408.6,9599.85,9392.35,9553.35,653026950.0,31673.23
2020-04-30,9753.5,9889.05,9731.5,9859.9,931173802.0,39332.46
2020-05-04,9533.5,9533.5,9266.95,9293.5,687487134.0,29785.95
2020-05-05,9429.4,9450.9,9190.75,9205.6,725196178.0,29700.2
2020-05-06,9226.8,9346.9,9116.5,9270.9,722185448.0,30798.1
2020-05-07,9234.05,9277.85,9175.9,9199.05,708740416.0,59705.53
2020-05-08,9376.95,9382.65,9238.2,9251.5,609053504.0,30743.45
2020-05-11,9348.15,9439.9,9219.95,9239.2,704647074.0,31048.47
2020-05-12,9168.85,9240.85,9043.95,9196.55,805458787.0,37706.27
2020-05-13,9584.2,9584.5,9351.1,9383.55,846395245.0,36488.9
2020-05-14,9213.95,9281.1,9119.75,9142.75,602555564.0,29541.59
2020-05-15,9182.4,9182.4,9050.0,9136.85,575857112.0,25847.33
2020-05-18,9158.3,9158.3,8806.75,8823.25,772983297.0,33347.46
2020-05-19,8961.7,9030.35,8855.3,8879.1,762152894.0,32026.94
2020-05-20,8889.15,9093.8,8875.35,9066.55,622308140.0,30721.99
2020-05-21,9079.45,9178.55,9056.1,9106.25,631542699.0,28303.51
2020-05-22,9067.9,9149.6,8968.55,9039.25,675759336.0,31625.47
2020-05-26,9099.75,9161.65,8996.65,9029.05,654959960.0,30871.59
2020-05-27,9082.2,9334.0,9004.25,9314.95,763492487.0,34603.88
2020-05-28,9364.95,9511.25,9336.5,9490.1,837911425.0,37761.91
2020-05-29,9422.2,9598.85,9376.9,9580.3,967005438.0,45006.25
2020-06-01,9726.85,9931.6,9706.95,9826.15,794183122.0,38096.92
2020-06-02,9880.85,9995.6,9824.05,9979.1,770192848.0,36723.11
2020-06-03,10108.3,10176.2,10035.55,10061.55,794664422.0,38343.61
2020-06-04,10054.25,10123.85,9944.25,10029.1,775106567.0,36399.04
2020-06-05,10093.8,10177.8,10040.75,10142.15,987122302.0,37824.63
2020-06-08,10326.75,10328.5,10120.25,10167.45,936485541.0,37819.06
2020-06-09,10181.15,10291.15,10021.45,10046.65,754217460.0,36201.05
2020-06-10,10072.6,10148.75,10036.85,10116.15,632383068.0,28485.47
2020-06-11,10094.1,10112.05,9885.05,9902.0,715453486.0,30813.85
2020-06-12,9544.95,9996.05,9544.35,9972.9,796306399.0,36505.77
2020-06-15,9919.35,9943.35,9726.35,9813.7,716053036.0,31926.65
2020-06-16,10014.8,10046.15,9728.5,9914.0,899895044.0,36257.89
2020-06-17,9876.7,10003.6,9833.8,9881.15,685418390.0,30700.69
2020-06-18,9863.25,10111.2,9845.05,10091.65,622895963.0,28594.32
2020-06-19,10119.0,10272.4,10072.65,10244.4,892096343.0,48103.56
2020-06-22,10318.75,10393.65,10277.6,10311.2,685385093.0,35529.8
2020-06-23,10347.95,10484.7,10301.75,10471.0,669195109.0,34148.13
2020-06-24,10529.25,10553.15,10281.95,10305.3,854799801.0,41394.45
2020-06-25,10235.55,10361.8,10194.5,10288.9,994190886.0,41726.07
2020-06-26,10378.9,10409.85,10311.25,10383.0,671910159.0,31841.68
2020-06-29,10311.95,10337.95,10223.6,10312.4,574544482.0,27019.46
2020-06-30,10382.6,10401.05,10267.35,10302.1,556238560.0,27342.55
2020-07-01,10323.8,10447.05,10299.6,10430.05,573550127.0,28736.28
2020-07-02,10493.05,10598.2,10485.55,10551.7,597423931.0,31235.17
2020-07-03,10614.95,10631.3,10562.65,10607.35,525190704.0,25186.39
2020-07-06,10723.85,10811.4,10695.1,10763.65,571212914.0,29857.54
2020-07-07,10802.85,10813.8,10689.7,10799.65,636764929.0,36502.37
2020-07-08,10818.65,10847.85,10676.55,10705.75,767941333.0,37676.34
2020-07-09,10755.55,10836.85,10733.0,10813.45,618652409.0,31315.87
2020-07-10,10764.1,10819.4,10713.0,10768.05,590705425.0,31557.58
2020-07-13,10851.85,10894.05,10756.05,10802.7,554050579.0,30606.3
2020-07-14,10750.85,10755.65,10562.9,10607.35,532368699.0,30902.47
2020-07-15,10701.0,10827.45,10577.75,10618.2,715901258.0,42376.03
2020-07-16,10706.2,10755.3,10595.2,10739.95,694402635.0,41453.95
2020-07-17,10752.0,10933.45,10749.65,10901.7,676881092.0,35592.83
2020-07-20,10999.45,11037.9,10953.0,11022.2,554306867.0,32738.64
2020-07-21,11126.1,11179.55,11113.25,11162.25,771998838.0,42461.89
2020-07-22,11231.2,11238.1,11056.55,11132.6,765074288.0,41068.72
2020-07-23,11135.0,11239.8,11103.15,11215.45,621575333.0,32744.93
2020-07-24,11149.95,11225.4,11090.3,11194.15,678935175.0,40217.17
2020-07-27,11225.0,11225.0,11087.85,11131.8,588148687.0,34539.73
2020-07-28,11154.1,11317.75,11151.4,11300.55,683891350.0,38677.47
2020-07-29,11276.9,11341.4,11149.75,11202.85,600726301.0,38726.02
2020-07-30,11254.3,11299.95,11084.95,11102.15,677761342.0,39150.44
2020-07-31,11139.5,11150.4,11026.65,11073.45,642560311.0,36220.09
2020-08-03,11057.55,11058.05,10882.25,10891.6,680929323.0,31149.94
2020-08-04,10946.65,11112.25,10908.1,11095.25,625738313.0,35357.96
2020-08-05,11155.75,11225.65,11064.05,11101.65,667639446.0,34894.58
2020-08-06,11185.7,11256.8,11127.3,11200.15,600374615.0,31501.08
2020-08-07,11186.65,11231.9,11142.05,11214.05,452629891.0,27054.43
2020-08-10,11270.25,11337.3,11238.0,11270.15,491999534.0,29108.25
2020-08-11,11322.25,11373.6,11299.15,11322.5,586084846.0,30314.89
2020-08-12,11289.0,11322.0,11242.65,11308.4,609858960.0,28088.09
2020-08-13,11334.85,11359.3,11269.95,11300.45,562355175.0,26500.52
2020-08-14,11353.3,11366.25,11111.45,11178.4,645109756.0,31059.23
2020-08-17,11248.9,11267.1,11144.5,11247.1,633963958.0,27468.67
2020-08-18,11259.8,11401.7,11253.15,11385.35,579242492.0,27267.51
2020-08-19,11452.15,11460.35,11394.1,11408.4,626217997.0,27528.12
2020-08-20,11317.45,11361.45,11289.8,11312.2,791587770.0,27676.18
2020-08-21,11409.65,11418.5,11362.2,11371.6,668719170.0,26294.26
2020-08-24,11412.0,11497.25,11410.65,11466.45,532900535.0,28920.84
2020-08-25,11513.1,11525.9,11423.35,11472.25,638152608.0,28742.82
2020-08-26,11512.85,11561.75,11461.85,11549.6,743442521.0,34852.01
2020-08-27,11609.3,11617.35,11540.6,11559.25,719776490.0,31580.61
2020-08-28,11602.95,11686.05,11589.4,11647.6,806997707.0,39349.92
2020-08-31,11777.55,11794.25,11325.85,11387.5,1371789450.0,61668.55
2020-09-01,11464.3,11553.55,11366.9,11470.25,783769555.0,36752.54
2020-09-02,11478.55,11554.75,11430.4,11535.0,593494423.0,27454.65
2020-09-03,11566.2,11584.95,11507.65,11527.45,607115212.0,26868.26
2020-09-04,11354.4,11452.05,11303.65,11333.85,681338905.0,31746.86
2020-09-07,11359.6,11381.15,11251.7,11355.05,560322964.0,25959.82
2020-09-08,11378.55,11437.25,11290.45,11317.35,572239350.0,27979.7
2020-09-09,11218.6,11298.15,11185.15,11278.0,728880693.0,32660.67
2020-09-10,11363.3,11464.05,11327.4,11449.25,679419973.0,39239.1
2020-09-11,11447.8,11493.5,11419.9,11464.45,554789157.0,29614.09
2020-09-14,11540.15,11568.9,11383.55,11440.05,642270123.0,33996.94
2020-09-15,11487.2,11535.95,11442.25,11521.8,506667239.0,28054.51
2020-09-16,11538.45,11618.1,11516.75,11604.55,527804775.0,27629.71
2020-09-17,11539.4,11587.2,11498.5,11516.1,517729494.0,29674.95
2020-09-18,11584.1,11584.1,11446.1,11504.95,764154094.0,48698.68
2020-09-21,11503.8,11535.25,11218.5,11250.55,602851737.0,37213.23
2020-09-22,11301.75,11302.2,11084.65,11153.65,672249921.0,36296.49
2020-09-23,11258.75,11259.55,11024.4,11131.85,714925847.0,35542.98
2020-09-24,11011.0,11015.3,10790.2,10805.55,706139506.0,33623.71
2020-09-25,10910.4,11072.6,10854.85,11050.25,559597322.0,31122.18
2020-09-28,11140.85,11239.35,11099.85,11227.55,472777324.0,24361.17
2020-09-29,11288.6,11305.4,11181.0,11222.4,498295735.0,26875.14
2020-09-30,11244.45,11295.4,11184.55,11247.55,499343849.0,28134.77
2020-10-01,11364.45,11428.6,11347.05,11416.95,447740006.0,26212.72
2020-10-05,11487.8,11578.05,11452.3,11503.35,530597393.0,31341.55
2020-10-06,11603.45,11680.3,11564.3,11662.4,561444728.0,30373.65
2020-10-07,11679.25,11763.05,11629.35,11738.85,513367516.0,32935.98
2020-10-08,11835.4,11905.7,11791.15,11834.6,608768573.0,38677.49
2020-10-09,11852.05,11938.6,11805.2,11914.2,611079482.0,34546.8
2020-10-12,11973.55,12022.05,11867.2,11930.95,522627571.0,26586.47
2020-10-13,11934.65,11988.2,11888.9,11934.5,458304851.0,29403.22
2020-10-14,11917.4,11997.2,11822.15,11971.05,569245407.0,29940.62
2020-10-15,12023.45,12025.45,11661.3,11680.35,608865041.0,35175.92
2020-10-16,11727.4,11789.75,11667.85,11762.45,555764762.0,30439.19
2020-10-19,11879.2,11898.25,11820.4,11873.05,541420990.0,29888.6
2020-10-20,11861.0,11949.25,11837.25,11896.8,453560934.0,28367.34
2020-10-21,11958.55,12018.65,11775.75,11937.65,623658140.0,37477.13
2020-10-22,11890.0,11939.55,11823.45,11896.45,544901152.0,33013.17
2020-10-23,11957.9,11974.55,11908.75,11930.35,502340361.0,27424.61
2020-10-26,11937.4,11942.85,11711.7,11767.75,519815905.0,29316.02
2020-10-27,11807.1,11899.05,11723.0,11889.4,616318543.0,37989.97
2020-10-28,11922.6,11929.4,11684.85,11729.6,704018608.0,37025.89
2020-10-29,11633.3,11744.15,11606.45,11670.8,554959844.0,30436.62
2020-10-30,11678.45,11748.95,11535.45,11642.4,553672805.0,28151.58
2020-11-02,11697.35,11725.65,11557.4,11669.15,568434165.0,35714.57
2020-11-03,11734.45,11836.2,11723.3,11813.5,674303605.0,36363.95
2020-11-04,11783.35,11929.65,11756.4,11908.5,667290347.0,38552.09
2020-11-05,12062.4,12131.1,12027.6,12120.3,632455414.0,32311.46
2020-11-06,12156.65,12280.4,12131.85,12263.55,576837602.0,34965.94
2020-11-09,12399.4,12474.05,12367.35,12461.05,553449924.0,34255.11
2020-11-10,12556.4,12643.9,12475.25,12631.1,847450692.0,51247.01
2020-11-11,12680.6,12769.75,12571.1,12749.15,880475468.0,54744.55
2020-11-12,12702.15,12741.15,12624.85,12690.8,622017762.0,36794.24
2020-11-13,12659.7,12735.95,12607.7,12719.95,513948665.0,34568.65
2020-11-14,12823.35,12828.7,12749.45,12780.25,107868139.0,5189.38
2020-11-17,12932.5,12934.05,12797.1,12874.2,707676873.0,40977.03
2020-11-18,12860.1,12948.85,12819.35,12938.25,731321438.0,39856.45
2020-11-19,12839.5,12963.0,12745.75,12771.7,768751782.0,44747.08
2020-11-20,12813.4,12892.45,12730.25,12859.05,663997267.0,42992.15
2020-11-23,12960.3,12968.85,12825.7,12926.45,633117401.0,42031.38
2020-11-24,13002.6,13079.1,12978.0,13055.15,571864976.0,37094.23
2020-11-25,13130.0,13145.85,12833.65,12858.4,679005507.0,37401.36
2020-11-26,12906.45,13018.0,12790.4,12987.0,549798925.0,34624.15
2020-11-27,13012.05,13035.3,12914.3,12968.95,1162360673.0,78522.93
2020-12-01,13062.2,13128.4,12962.8,13109.05,583633902.0,32917.26
2020-12-02,13121.4,13128.5,12983.55,13113.75,717711761.0,34008.74
2020-12-03,13215.3,13216.6,13107.9,13133.9,713688035.0,39627.71
2020-12-04,13177.4,13280.05,13152.85,13258.55,640514315.0,36428.05
2020-12-07,13264.85,13366.65,13241.95,13355.75,591722966.0,33578.64
2020-12-08,13393.85,13435.45,13311.05,13392.95,543165361.0,33755.81
2020-12-09,13458.1,13548.9,13449.6,13529.1,502605319.0,28726.97
2020-12-10,13488.5,13503.55,13399.3,13478.3,553402501.0,30400.2
2020-12-11,13512.3,13579.35,13402.85,13513.85,787707481.0,33696.57
2020-12-14,13571.45,13597.5,13472.45,13558.15,558390043.0,28133.58
2020-12-15,13547.2,13589.65,13447.05,13567.85,497600393.0,30828.33
2020-12-16,13663.1,13692.35,13606.45,13682.7,462151091.0,27460.18
2020-12-17,13713.55,13773.25,13673.55,13740.7,416008520.0,27712.93
2020-12-18,13764.4,13772.85,13658.6,13760.55,519393189.0,34803.3
2020-12-21,13741.9,13777.5,13131.45,13328.4,687255400.0,38243.62
2020-12-22,13373.65,13492.05,13192.9,13466.3,696197300.0,36328.33
2020-12-23,13473.5,13619.45,13432.2,13601.1,458651819.0,27073.45
2020-12-24,13672.15,13771.75,13626.9,13749.25,471367730.0,24764.35
2020-12-28,13815.15,13885.3,13811.55,13873.2,403634030.0,20923.06
2020-12-29,13910.35,13967.6,13859.9,13932.6,439593961.0,25154.23
2020-12-30,13980.9,13997.0,13864.95,13981.95,380681073.0,24633.12
2020-12-31,13970.0,14024.85,13936.45,13981.75,452410109.0,26305.82
2021-01-01,13996.1,14049.85,13991.35,14018.5,258090905.0,15873.75
2021-01-04,14104.35,14147.95,13953.75,14132.9,494999295.0,28705.09
2021-01-05,14075.15,14215.6,14048.15,14199.5,492475349.0,30872.87
2021-01-06,14240.95,14244.15,14039.9,14146.25,632323316.0,34615.55
2021-01-07,14253.75,14256.25,14123.1,14137.35,559173512.0,33446.47
2021-01-08,14258.4,14367.3,14221.65,14347.25,613472067.0,37615.19
2021-01-11,14474.05,14498.2,14383.1,14484.75,672878543.0,40186.21
2021-01-12,14473.8,14590.65,14432.85,14563.45,929566952.0,44976.12
2021-01-13,14639.8,14653.35,14435.7,14564.85,873956688.0,44682.93
2021-01-14,14550.05,14617.8,14471.5,14595.6,620194977.0,37534.37
2021-01-15,14594.35,14617.45,14357.85,14433.7,789557216.0,39912.18
2021-01-18,14453.3,14459.15,14222.8,14281.3,762043554.0,41716.22
2021-01-19,14371.65,14546.05,14350.85,14521.15,546108304.0,33084.79
2021-01-20,14538.3,14666.45,14517.55,14644.7,623069963.0,34639.36
2021-01-21,14730.95,14753.55,14517.25,14590.35,704646957.0,41939.04
2021-01-22,14583.4,14619.9,14357.75,14371.9,776750347.0,45322.54
2021-01-25,14477.8,14491.1,14218.6,14238.9,618631493.0,42278.39
2021-01-27,14237.95,14237.95,13929.3,13967.5,660711117.0,40579.24
2021-01-28,13810.4,13898.25,13713.25,13817.55,637871621.0,39881.82
2021-01-29,13946.6,13966.85,13596.75,13634.6,753206122.0,46918.29
2021-02-01,13758.6,14336.35,13661.75,14281.2,870529495.0,51840.22
2021-02-02,14481.1,14731.7,14469.15,14647.85,914965225.0,58177.74
2021-02-03,14754.9,14868.85,14574.15,14789.95,869477087.0,49312.35
2021-02-04,14789.05,14913.7,14714.75,14895.65,884686415.0,47811.8
2021-02-05,14952.6,15014.65,14864.75,14924.25,935629058.0,54394.63
2021-02-08,15064.3,15159.9,15041.05,15115.8,671242694.0,40483.96
2021-02-09,15164.15,15257.1,15064.3,15109.3,713279133.0,41930.72
2021-02-10,15119.05,15168.25,14977.2,15106.5,624791133.0,40707.97
2021-02-11,15073.25,15188.5,15065.4,15173.3,500122414.0,30933.44
2021-02-12,15186.2,15243.5,15081.0,15163.3,571808807.0,32304.24
2021-02-15,15270.3,15340.15,15243.4,15314.7,455959720.0,28955.29
2021-02-16,15371.45,15431.75,15242.2,15313.45,648545320.0,36550.03
2021-02-17,15279.9,15314.3,15170.75,15208.9,504767226.0,34073.12
2021-02-18,15238.7,15250.75,15078.05,15118.95,770629541.0,37093.99
2021-02-19,15074.8,15144.05,14898.2,14981.75,712213821.0,37419.34
2021-02-22,14999.05,15010.1,14635.05,14675.7,609898454.0,37578.07
2021-02-23,14782.25,14854.5,14651.85,14707.8,744092809.0,39508.09
2021-02-24,14729.15,15008.8,14723.05,14982.0,403754669.0,23723.99
2021-02-25,15079.85,15176.5,15065.35,15097.35,803883875.0,42983.07
2021-02-26,14888.6,14919.45,14467.75,14529.15,1103644519.0,65012.96
2021-03-01,14702.5,14806.8,14638.55,14761.55,507302977.0,30030.57
2021-03-02,14865.3,14959.1,14760.8,14919.1,621723916.0,34647.26
2021-03-03,15064.4,15273.15,14995.8,15245.6,544205583.0,34567.73
2021-03-04,15026.75,15202.35,14980.2,15080.75,534850447.0,36036.02
2021-03-05,14977.95,15092.35,14862.1,14938.1,640700362.0,37811.6
2021-03-08,15002.45,15111.15,14919.9,14956.2,580308065.0,29518.07
2021-03-09,15049.9,15126.85,14925.45,15098.4,675271251.0,38365.48
2021-03-10,15202.15,15218.45,15100.85,15174.8,404585756.0,25603.32
2021-03-12,15321.15,15336.3,14953.6,15030.95,493238854.0,32195.96
2021-03-15,15048.4,15048.4,14745.85,14929.5,467473367.0,28118.0
2021-03-16,14996.1,15051.6,14890.65,14910.45,437651327.0,27975.07
2021-03-17,14946.55,14956.55,14696.05,14721.3,479352147.0,27983.5
2021-03-18,14855.5,14875.2,14478.6,14557.85,542216908.0,31339.71
2021-03-19,14471.15,14788.25,14350.1,14744.0,919178208.0,49011.27
2021-03-22,14736.3,14763.9,14597.85,14736.4,458997059.0,27345.02
2021-03-23,14768.55,14878.6,14707.0,14814.75,474150088.0,30322.09
2021-03-24,14712.45,14752.35,14535.0,14549.4,456403503.0,27868.93
2021-03-25,14570.9,14575.6,14264.4,14324.9,606820996.0,35350.22
2021-03-26,14506.3,14572.9,14414.25,14507.3,481000845.0,29423.45
2021-03-30,14628.5,14876.3,14617.6,14845.1,594520567.0,35117.93
2021-03-31,14811.85,14813.75,14670.25,14690.7,436874691.0,29741.83
2021-04-01,14798.4,14883.2,14692.45,14867.35,430028476.0,29585.23
2021-04-05,14837.7,14849.85,14459.5,14637.8,500476690.0,33885.39
2021-04-06,14737.0,14779.1,14573.9,14683.5,474211156.0,31885.97
2021-04-07,14716.45,14879.8,14649.85,14819.05,476382016.0,35184.96
2021-04-08,14875.65,14984.15,14821.1,14873.8,503728173.0,34444.56
2021-04-09,14882.65,14918.45,14785.65,14834.85,498347599.0,35010.36
2021-04-12,14644.65,14652.5,14248.7,14310.8,638475842.0,43433.24
2021-04-13,14364.9,14528.9,14274.9,14504.8,588666016.0,40846.57
2021-04-15,14522.4,14597.55,14353.2,14581.45,556851211.0,40177.25
2021-04-16,14599.6,14697.7,14559.0,14617.85,568568743.0,36653.65
2021-04-19,14306.6,14382.3,14191.4,14359.45,503142904.0,34751.95
2021-04-20,14526.7,14526.95,14207.3,14296.4,456704716.0,34687.11
2021-04-22,14219.15,14424.75,14151.4,14406.15,516985252.0,37235.71
2021-04-23,14326.35,14461.15,14273.3,14341.35,476613608.0,31894.66
2021-04-26,14449.45,14557.5,14421.3,14485.0,448533329.0,33156.16
2021-04-27,14493.8,14667.55,14484.85,14653.05,442211685.0,32181.14
2021-04-28,14710.5,14890.25,14694.95,14864.55,453990807.0,37650.11
2021-04-29,14979.0,15044.35,14814.45,14894.9,511466673.0,41597.37
2021-04-30,14747.35,14855.45,14601.7,14631.1,594744498.0,40335.86
2021-05-03,14481.05,14673.85,14416.25,14634.15,443410846.0,32538.97
2021-05-04,14687.25,14723.4,14461.5,14496.5,479657079.0,34024.77
2021-05-05,14604.15,14637.9,14506.6,14617.85,437261063.0,28942.47
2021-05-06,14668.35,14743.9,14611.5,14724.8,445281496.0,31015.95
2021-05-07,14816.85,14863.05,14765.5,14823.15,483677266.0,33583.37
2021-05-10,14928.25,14966.9,14892.5,14942.35,510598577.0,31620.64
2021-05-11,14789.7,14900.0,14771.4,14850.75,616204478.0,32955.82
2021-05-12,14823.55,14824.05,14649.7,14696.5,620318215.0,32035.23
2021-05-14,14749.4,14749.65,14591.9,14677.8,602738614.0,39176.28
2021-05-17,14756.25,14938.0,14725.35,14923.15,534516176.0,35571.28
2021-05-18,15067.2,15137.25,15043.7,15108.1,571923125.0,35634.73
2021-05-19,15058.6,15133.4,15008.85,15030.15,563293717.0,31100.21
2021-05-20,15042.6,15069.8,14884.9,14906.05,467455658.0,28002.53
2021-05-21,14987.8,15190.0,14985.85,15175.3,557730470.0,31921.76
2021-05-24,15211.35,15256.25,15145.45,15197.7,566722866.0,32061.04
2021-05-25,15291.75,15293.85,15163.4,15208.45,417323446.0,26871.99
2021-05-26,15257.05,15319.9,15194.95,15301.45,377682051.0,26187.83
2021-05-27,15323.95,15384.55,15272.5,15337.85,682374351.0,48219.93
2021-05-28,15421.2,15469.65,15394.75,15435.65,455582440.0,32992.08
2021-05-31,15437.75,15606.35,15374.0,15582.8,435999456.0,32739.29
2021-06-01,15629.65,15660.75,15528.3,15574.85,409562322.0,27964.09
2021-06-02,15520.35,15597.45,15459.85,15576.2,428641666.0,28781.87
2021-06-03,15655.55,15705.1,15611.0,15690.35,410240584.0,27519.48
2021-06-04,15712.5,15733.6,15622.35,15670.25,414162241.0,25363.03
2021-06-07,15725.1,15773.45,15678.1,15751.65,393970049.0,25411.48
2021-06-08,15773.9,15778.8,15680.0,15740.1,378164658.0,24172.13
2021-06-09,15766.3,15800.45,15566.9,15635.35,457855735.0,26926.49
2021-06-10,15692.1,15751.25,15648.5,15737.75,298297041.0,23032.9
2021-06-11,15796.45,15835.55,15749.8,15799.35,363011297.0,24591.69
2021-06-14,15791.4,15823.05,15606.5,15811.85,392862037.0,28001.5
2021-06-15,15866.95,15901.6,15842.4,15869.25,323262818.0,22181.26
2021-06-16,15847.5,15880.85,15742.6,15767.55,340191175.0,22505.95
2021-06-17,15648.3,15769.35,15616.75,15691.4,357649243.0,26048.47
2021-06-18,15756.5,15761.5,15450.9,15683.35,640821642.0,42024.55
2021-06-21,15525.85,15765.15,15505.65,15746.5,351530072.0,22525.89
2021-06-22,15840.5,15895.75,15752.1,15772.75,322237561.0,24440.47
2021-06-23,15862.8,15862.95,15673.95,15686.95,287536735.0,23222.94
2021-06-24,15737.3,15821.4,15702.7,15790.45,316662241.0,29623.58
2021-06-25,15839.35,15870.8,15772.3,15860.35,314614380.0,26933.22
2021-06-28,15915.35,15915.65,15792.15,15814.7,255099272.0,18713.41
2021-06-29,15807.5,15835.9,15724.05,15748.45,360334724.0,24392.13
2021-06-30,15776.9,15839.1,15708.75,15721.5,262386323.0,20379.76
2021-07-01,15755.05,15755.55,15667.05,15680.0,224921644.0,17359.97
2021-07-02,15705.85,15738.35,15635.95,15722.2,254808999.0,18015.42
2021-07-05,15793.4,15845.95,15762.05,15834.35,207032153.0,14976.54
2021-07-06,15813.75,15914.2,15801.0,15818.25,391410742.0,24456.05
2021-07-07,15819.6,15893.55,15779.7,15879.65,329308646.0,22259.96
2021-07-08,15855.4,15885.75,15682.9,15727.9,307928495.0,19597.95
2021-07-09,15688.25,15730.85,15632.75,15689.8,243249366.0,19976.86
2021-07-12,15766.8,15789.2,15644.75,15692.6,216272488.0,18482.89
2021-07-13,15794.0,15820.8,15744.6,15812.35,246676549.0,18205.97
2021-07-14,15808.7,15877.35,15764.2,15853.95,239924352.0,18372.84
2021-07-15,15872.15,15952.35,15855.0,15924.2,284851049.0,20961.37
2021-07-16,15958.35,15962.25,15882.6,15923.4,276298105.0,18758.13
2021-07-19,15754.5,15836.9,15707.5,15752.4,242131813.0,18088.78
2021-07-20,15703.95,15728.45,15578.55,15632.1,274284165.0,21329.55
2021-07-22,15736.6,15834.8,15726.4,15824.05,265250867.0,23988.39
2021-07-23,15856.8,15899.8,15768.4,15856.05,294098244.0,20685.82
2021-07-26,15849.3,15893.35,15797.0,15824.45,267076679.0,19487.18
2021-07-27,15860.5,15881.55,15701.0,15746.45,311012065.0,26117.34
2021-07-28,15761.55,15767.5,15513.45,15709.4,318601589.0,26090.48
2021-07-29,15762.7,15817.35,15737.8,15778.45,401584915.0,29460.54
2021-07-30,15800.6,15862.8,15744.85,15763.05,400021237.0,30539.63
2021-08-02,15874.9,15892.9,15834.65,15885.15,244847433.0,20766.99
2021-08-03,15951.55,16146.9,15914.35,16130.75,341289658.0,26373.24
2021-08-04,16195.25,16290.2,16176.15,16258.8,427337644.0,32434.78
2021-08-05,16288.95,16349.45,16210.3,16294.6,418174517.0,31386.78
2021-08-06,16304.4,16336.75,16223.3,16238.2,320087281.0,24716.17
2021-08-09,16281.35,16320.75,16179.05,16258.25,240452917.0,18302.03
2021-08-10,16274.8,16359.25,16202.25,16280.1,287989486.0,22600.38
2021-08-11,16327.3,16338.75,16162.55,16282.25,277895886.0,20306.59
2021-08-12,16303.65,16375.5,16286.9,16364.4,280181324.0,18548.87
2021-08-13,16385.7,16543.6,16376.3,16529.1,321866286.0,27163.08
2021-08-16,16518.4,16589.4,16480.75,16563.05,254049330.0,21456.2
2021-08-17,16545.25,16628.55,16495.4,16614.6,297388470.0,25696.44
2021-08-18,16691.95,16701.85,16535.85,16568.85,251796822.0,22721.54
2021-08-20,16382.5,16509.55,16376.05,16450.5,350819323.0,30118.23
2021-08-23,16592.25,16592.5,16395.7,16496.45,275597782.0,24355.77
2021-08-24,16561.4,16647.1,16495.3,16624.6,275362819.0,24992.32
2021-08-25,16654.0,16712.45,16617.5,16634.65,265920141.0,22210.6
2021-08-26,16627.95,16683.7,16603.4,16636.9,253530997.0,22320.21
2021-08-27,16642.55,16722.05,16565.6,16705.2,217405743.0,20499.85
2021-08-30,16775.85,16951.5,16764.85,16931.05,283483108.0,23615.87
2021-08-31,16947.5,17153.5,16915.85,17132.2,464390247.0,40147.89
2021-09-01,17185.6,17225.75,17055.05,17076.25,301894634.0,27691.93
2021-09-02,17095.4,17245.5,17059.7,17234.15,242377518.0,22620.36
2021-09-03,17262.45,17340.1,17212.2,17323.6,261373795.0,23579.17
2021-09-06,17399.35,17429.55,17345.55,17377.8,228045532.0,21270.62
2021-09-07,17401.55,17436.5,17287.0,17362.1,243417811.0,19848.94
2021-09-08,17375.75,17383.4,17254.2,17353.5,252652423.0,22696.35
2021-09-09,17312.85,17379.65,17302.7,17369.25,241509352.0,17719.78
2021-09-13,17363.55,17378.35,17269.15,17355.3,241053924.0,18498.63
2021-09-14,17420.35,17438.55,17367.05,17380.0,230354386.0,18702.82
2021-09-15,17387.65,17532.7,17386.9,17519.45,388191629.0,24256.8
2021-09-16,17539.2,17644.6,17510.45,17629.5,503310763.0,30189.77
2021-09-17,17709.65,17792.95,17537.65,17585.15,508285916.0,43345.58
2021-09-20,17443.85,17622.75,17361.8,17396.9,339102046.0,25304.27
2021-09-21,17450.5,17578.35,17326.1,17562.0,363578479.0,26520.99
2021-09-22,17580.9,17610.45,17524.0,17546.65,295191136.0,21772.23
2021-09-23,17670.85,17843.9,17646.55,17822.95,320514486.0,25005.36
2021-09-24,17897.45,17947.65,17819.4,17853.2,360130853.0,30787.59
2021-09-27,17932.2,17943.5,17802.9,17855.1,295714657.0,24244.98
2021-09-28,17906.45,17912.85,17576.1,17748.6,397997281.0,27055.36
2021-09-29,17657.95,17781.75,17608.15,17711.3,562237732.0,30621.28
2021-09-30,17718.9,17742.15,17585.35,17618.15,378592721.0,27167.19
2021-10-01,17531.9,17557.15,17452.9,17532.05,305763919.0,20911.61
2021-10-04,17615.55,17750.9,17581.35,17691.25,295761839.0,21343.51
2021-10-05,17661.35,17833.45,17640.9,17822.3,427000191.0,23066.8
2021-10-06,17861.5,17884.6,17613.15,17646.0,395833550.0,24504.3
2021-10-07,17810.55,17857.55,17763.8,17790.35,419890959.0,27371.98
2021-10-08,17886.85,17941.85,17840.35,17895.2,324066351.0,22778.68
2021-10-11,17867.55,18041.95,17839.1,17945.95,375756457.0,29000.2
2021-10-12,17915.8,18008.65,17864.95,17991.95,355568313.0,26491.42
2021-10-13,18097.85,18197.8,18050.75,18161.75,506679748.0,34503.0
2021-10-14,18272.85,18350.75,18248.7,18338.55,538714440.0,38903.16
2021-10-18,18500.1,18543.15,18445.3,18477.05,469883515.0,36800.84
2021-10-19,18602.35,18604.45,18377.7,18418.75,368230309.0,30505.86
2021-10-20,18439.9,18458.3,18209.35,18266.6,371276478.0,28968.42
2021-10-21,18382.7,18384.2,18048.0,18178.1,365902008.0,30839.79
2021-10-22,18230.7,18314.25,18034.35,18114.9,324748084.0,26938.88
2021-10-25,18229.5,18241.4,17968.5,18125.4,418703647.0,34572.34
2021-10-26,18154.5,18310.45,18099.3,18268.4,341377869.0,29764.61
2021-10-27,18295.85,18342.05,18167.9,18210.95,335248487.0,30823.75
2021-10-28,18187.65,18190.7,17799.45,17857.25,374205784.0,30222.34
2021-10-29,17833.05,17915.85,17613.1,17671.65,336466864.0,28136.0
2021-11-01,17783.15,17954.1,17697.1,17929.65,281190130.0,24354.38
2021-11-02,17970.9,18012.25,17847.6,17888.95,296441997.0,23371.51
2021-11-03,17947.95,17988.75,17757.95,17829.2,330995982.0,26186.85
2021-11-04,17935.05,17947.55,17900.6,17916.8,48520856.0,3637.06
2021-11-08,18040.2,18087.8,17836.1,18068.55,338919483.0,30908.23
2021-11-09,18084.35,18112.6,17983.05,18044.25,270197527.0,23686.09
2021-11-10,17973.45,18061.25,17915.0,18017.2,261446523.0,22281.11
2021-11-11,17967.45,17971.35,17798.2,17873.6,232121151.0,20074.78
2021-11-12,17977.6,18123.0,17905.9,18102.75,249111898.0,22164.33
2021-11-15,18140.95,18210.15,18071.3,18109.45,280428633.0,19099.6
2021-11-16,18127.05,18132.65,17958.8,17999.2,267431829.0,24101.67
2021-11-17,17939.35,18022.65,17879.25,17898.65,295715938.0,22950.84
2021-11-18,17890.55,17945.6,17688.5,17764.8,278425148.0,22625.36
2021-11-22,17796.25,17805.25,17280.45,17416.55,356400425.0,29570.57
2021-11-23,17281.75,17553.7,17216.1,17503.35,308843255.0,26240.41
2021-11-24,17550.05,17600.6,17354.0,17415.05,298052158.0,23766.93
2021-11-25,17417.3,17564.35,17351.7,17536.25,255947032.0,21953.33
2021-11-26,17338.75,17355.4,16985.7,17026.45,356330009.0,28485.53
2021-11-29,17055.8,17160.7,16782.4,17053.95,348888750.0,27428.2
2021-11-30,17051.15,17324.65,16931.4,16983.2,497999836.0,41494.9
2021-12-01,17104.4,17213.05,17064.25,17166.9,295542125.0,24098.73
2021-12-02,17183.2,17420.35,17149.3,17401.65,279867500.0,22473.64
2021-12-03,17424.9,17489.8,17180.8,17196.7,292526485.0,23100.57
2021-12-06,17209.05,17216.75,16891.7,16912.25,231716681.0,17912.15
2021-12-07,17044.1,17251.65,16987.75,17176.7,254144221.0,21693.69
2021-12-08,17315.25,17484.6,17308.95,17469.75,257791948.0,21665.95
2021-12-09,17524.4,17543.25,17379.6,17516.85,237170272.0,18984.75
2021-12-10,17476.05,17534.35,17405.25,17511.3,204467484.0,16399.53
2021-12-13,17619.1,17639.5,17355.95,17368.25,256560534.0,20592.03
2021-12-14,17283.2,17376.2,17225.8,17324.9,270965586.0,20459.79
2021-12-15,17323.65,17351.2,17192.2,17221.4,214972109.0,17046.42
2021-12-16,17373.0,17379.35,17184.95,17248.4,219496063.0,18493.54
2021-12-17,17276.0,17298.15,16966.45,16985.2,354591366.0,31326.91
2021-12-20,16824.25,16840.1,16410.2,16614.2,330614079.0,25123.59
2021-12-21,16773.15,16936.4,16688.25,16770.85,241030834.0,19783.04
2021-12-22,16865.55,16971.0,16819.5,16955.45,207946105.0,17443.94
2021-12-23,17066.8,17118.65,17015.55,17072.6,196965302.0,15755.89
2021-12-24,17149.5,17155.6,16909.6,17003.75,182564833.0,15435.01
2021-12-27,16937.75,17112.05,16833.2,17086.25,144777457.0,12567.03
2021-12-28,17177.6,17250.25,17161.15,17233.25,176026100.0,14553.76
2021-12-29,17220.1,17285.95,17176.65,17213.6,161679423.0,14320.79
2021-12-30,17201.45,17264.05,17146.35,17203.95,320831676.0,21929.19
2021-12-31,17244.5,17400.8,17238.5,17354.05,167025720.0,14588.54
2022-01-03,17387.15,17646.65,17383.3,17625.7,200456430.0,16181.36
2022-01-04,17681.4,17827.6,17593.55,17805.25,247437472.0,18604.16
2022-01-05,17820.1,17944.7,17748.85,17925.25,251460038.0,23737.31
2022-01-06,17768.5,17797.95,17655.55,17745.9,236454824.0,22643.82
2022-01-07,17797.6,17905.0,17704.55,17812.7,239338015.0,21447.89
2022-01-10,17913.3,18017.45,17879.15,18003.3,232418075.0,20853.64
2022-01-11,17997.75,18081.25,17964.4,18055.75,220238796.0,20781.46
2022-01-12,18170.4,18227.95,18128.8,18212.35,244974287.0,22298.69
2022-01-13,18257.0,18272.25,18163.8,18257.8,303700545.0,28670.93
2022-01-14,18185.0,18286.95,18119.65,18255.75,229451608.0,21024.51
2022-01-17,18235.65,18321.55,18228.75,18308.1,266702919.0,23859.38
2022-01-18,18337.2,18350.95,18085.9,18113.05,227507319.0,20852.67
2022-01-19,18129.2,18129.2,17884.9,17938.4,276662654.0,25310.19
2022-01-20,17921.0,17943.7,17648.45,17757.0,258094246.0,25863.29
2022-01-21,17613.7,17707.6,17485.85,17617.15,277645373.0,25941.64
2022-01-24,17575.15,17599.4,16997.85,17149.1,323847388.0,28387.73
2022-01-25,17001.55,17309.15,16836.8,17277.95,326515896.0,31344.46
2022-01-27,17062.0,17182.5,16866.75,17110.15,395596577.0,36296.64
2022-01-28,17208.3,17373.5,17077.1,17101.95,355284285.0,29799.89
2022-01-31,17301.05,17410.0,17264.15,17339.85,321660346.0,25474.13
2022-02-01,17529.45,17622.4,17244.55,17576.85,386391485.0,30033.66
2022-02-02,17706.2,17794.6,17674.8,17780.0,271205907.0,23611.59
2022-02-03,17767.75,17781.15,17511.15,17560.2,226614989.0,20373.06
2022-02-04,17590.2,17617.8,17462.55,17516.3,261434170.0,20651.85
2022-02-07,17456.3,17536.75,17119.4,17213.6,265037933.0,21925.11
2022-02-08,17279.85,17306.45,17043.65,17266.75,268526210.0,23846.16
2022-02-09,17370.1,17477.15,17339.0,17463.8,236350514.0,19327.67
2022-02-10,17554.1,17639.45,17427.15,17605.85,273606440.0,22210.93
2022-02-11,17451.0,17454.75,17303.0,17374.75,253141660.0,23230.82
2022-02-14,17076.15,17099.5,16809.65,16842.8,305510740.0,24976.16
2022-02-15,16933.25,17375.0,16839.25,17352.45,298658142.0,24765.67
2022-02-16,17408.45,17490.6,17257.7,17322.2,244549223.0,21128.38
2022-02-17,17396.55,17442.9,17235.85,17304.6,232136131.0,19381.26
2022-02-18,17236.05,17380.8,17219.2,17276.3,189620888.0,16126.96
2022-02-21,17192.25,17351.05,17070.7,17206.65,215183301.0,18725.57
2022-02-22,16847.95,17148.55,16843.8,17092.2,300131995.0,24040.84
2022-02-23,17194.5,17220.7,17027.85,17063.25,200229631.0,17662.47
2022-02-24,16548.9,16705.25,16203.25,16247.95,457967874.0,36650.83
2022-02-25,16515.65,16748.8,16478.3,16658.4,329780732.0,25743.77
2022-02-28,16481.6,16815.9,16356.3,16793.9,404214666.0,33831.57
2022-03-02,16593.1,16678.5,16478.65,16605.95,517723542.0,39407.44
2022-03-03,16723.2,16768.95,16442.95,16498.05,442068263.0,31413.0
2022-03-04,16339.45,16456.0,16133.8,16245.35,456143040.0,34821.1
2022-03-07,15867.95,15944.6,15711.45,15863.15,585403660.0,38038.75
2022-03-08,15747.75,16028.75,15671.45,16013.45,543600673.0,38704.4
2022-03-09,16078.0,16418.05,15990.0,16345.35,462231428.0,35329.34
2022-03-10,16757.1,16757.3,16447.9,16594.9,486445481.0,35513.73
2022-03-11,16528.8,16694.4,16470.9,16630.45,343717045.0,24720.34
2022-03-14,16633.7,16887.95,16606.5,16871.3,314669685.0,23824.02
2022-03-15,16900.65,16927.75,16555.0,16663.0,381631902.0,29731.09
2022-03-16,16876.65,16987.9,16837.85,16975.35,259973396.0,21361.32
2022-03-17,17202.9,17344.6,17175.75,17287.05,448335248.0,35367.28
2022-03-21,17329.5,17353.35,17096.4,17117.6,285451208.0,22886.39
2022-03-22,17120.4,17334.4,17006.3,17315.5,338263468.0,27347.6
2022-03-23,17405.05,17442.4,17199.6,17245.65,292120348.0,24705.28
2022-03-24,17094.95,17291.75,17091.15,17222.75,290280124.0,25011.72
2022-03-25,17289.0,17294.9,17076.55,17153.0,237115741.0,20031.39
2022-03-28,17181.85,17235.1,17003.9,17222.0,253240837.0,19976.26
2022-03-29,17297.2,17343.65,17235.7,17325.3,235149625.0,20305.78
2022-03-30,17468.15,17522.5,17387.2,17498.25,505031841.0,28907.47
2022-03-31,17519.2,17559.8,17435.2,17464.75,281111679.0,24032.07
2022-04-01,17436.9,17703.7,17422.7,17670.45,291773447.0,21132.13
2022-04-04,17809.1,18114.65,17791.4,18053.4,345526502.0,38623.94
2022-04-05,18080.6,18095.45,17921.55,17957.4,283453612.0,25096.7
2022-04-06,17842.75,17901.0,17779.85,17807.65,328824420.0,24252.48
2022-04-07,17723.3,17787.5,17623.7,17639.55,308840215.0,26236.91
2022-04-08,17698.15,17842.75,17600.55,17784.35,274447433.0,25608.1
2022-04-11,17740.9,17779.05,17650.95,17674.95,251701846.0,21001.58
2022-04-12,17584.85,17595.3,17442.35,17530.3,266029060.0,23958.77
2022-04-13,17599.9,17663.65,17457.4,17475.65,245061941.0,20229.83
2022-04-18,17183.45,17237.75,17067.85,17173.65,376130248.0,30154.62
2022-04-19,17258.95,17275.65,16824.7,16958.65,401399563.0,35467.13
2022-04-20,17045.25,17186.9,16978.95,17136.55,286069736.0,25972.15
2022-04-21,17234.6,17414.7,17215.5,17392.6,285200022.0,24999.9
2022-04-22,17242.75,17315.3,17149.2,17171.95,262739740.0,23371.7
2022-04-25,17009.05,17054.3,16888.7,16953.95,275685925.0,22699.65
2022-04-26,17121.3,17223.85,17064.45,17200.8,261065753.0,22079.92
2022-04-27,17073.35,17110.7,16958.45,17038.4,265140480.0,25373.8
2022-04-28,17189.5,17322.5,17071.05,17245.05,312914417.0,28488.87
2022-04-29,17329.25,17377.65,17053.25,17102.55,336243642.0,29582.86
2022-05-02,16924.45,17092.25,16917.25,17069.1,278155513.0,21222.64
2022-05-04,17096.6,17132.85,16623.95,16677.6,310632799.0,27405.52
2022-05-05,16854.75,16945.7,16651.85,16682.65,265793403.0,21792.91
2022-05-06,16415.55,16484.2,16340.9,16411.25,300527719.0,25472.95
2022-05-09,16227.7,16403.7,16142.1,16301.85,288402950.0,23274.74
2022-05-10,16248.9,16404.55,16197.3,16240.05,283061200.0,22685.27
2022-05-11,16270.05,16318.75,15992.6,16167.1,284294438.0,22994.38
2022-05-12,16021.1,16041.95,15735.75,15808.0,314921678.0,25352.34
2022-05-13,15977.0,16083.6,15740.85,15782.15,369135540.0,27454.12
2022-05-16,15845.1,15977.95,15739.65,15842.3,217646558.0,17852.19
2022-05-17,15912.6,16284.25,15900.8,16259.3,295687774.0,22782.99
2022-05-18,16318.15,16399.8,16211.2,16240.3,290441105.0,23889.84
2022-05-19,15917.4,15984.75,15775.2,15809.4,313876082.0,24340.84
2022-05-20,16043.8,16283.05,16003.85,16266.15,252402013.0,22806.69
2022-05-23,16290.95,16414.7,16185.75,16214.7,293829853.0,25110.85
2022-05-24,16225.55,16262.8,16078.6,16125.15,249778296.0,21895.75
2022-05-25,16196.35,16223.35,16006.95,16025.8,243342347.0,21400.14
2022-05-26,16105.0,16204.45,15903.7,16170.15,314305739.0,27721.21
2022-05-27,16296.6,16370.6,16221.95,16352.45,274064956.0,21341.98
2022-05-30,16527.9,16695.5,16506.15,16661.4,251400757.0,21216.5
2022-05-31,16578.45,16690.75,16521.9,16584.55,651613610.0,52929.35
2022-06-01,16594.4,16649.2,16438.85,16522.75,249619038.0,19350.33
2022-06-02,16481.65,16646.4,16443.05,16628.0,235958283.0,20055.84
2022-06-03,16761.65,16793.85,16567.9,16584.3,245514871.0,22249.29
2022-06-06,16530.7,16610.95,16444.55,16569.55,233589132.0,17999.41
2022-06-07,16469.6,16487.25,16347.1,16416.35,233814633.0,17921.95
2022-06-08,16474.95,16514.3,16293.35,16356.25,243481044.0,18336.15
2022-06-09,16263.85,16492.8,16243.85,16478.1,204954394.0,16721.68
2022-06-10,16283.95,16324.7,16172.6,16201.8,189680523.0,18388.03
2022-06-13,15877.55,15886.15,15684.0,15774.4,225534385.0,20002.64
2022-06-14,15674.25,15858.0,15659.45,15732.1,225425862.0,19825.41
2022-06-15,15729.25,15783.65,15678.9,15692.15,183011236.0,16063.24
2022-06-16,15832.25,15863.15,15335.1,15360.6,264735957.0,21383.06
2022-06-17,15272.65,15400.4,15183.4,15293.5,342629997.0,29074.0
2022-06-20,15334.5,15382.5,15191.1,15350.15,260022438.0,18531.78
2022-06-21,15455.95,15707.25,15419.85,15638.8,262794687.0,18934.27
2022-06-22,15545.65,15565.4,15385.95,15413.3,220889589.0,16817.07
2022-06-23,15451.55,15628.45,15367.5,15556.65,259171810.0,21722.06
2022-06-24,15657.4,15749.25,15619.45,15699.25,219599372.0,18259.72
2022-06-27,15926.2,15927.45,15815.5,15832.05,210932505.0,17770.42
2022-06-28,15757.45,15892.1,15710.15,15850.2,251865155.0,18419.75
2022-06-29,15701.7,15861.6,15687.8,15799.1,444949551.0,22528.57
2022-06-30,15774.5,15890.0,15728.85,15780.25,306027777.0,23970.65
2022-07-01,15703.7,15793.95,15511.05,15752.05,364090131.0,25891.94
2022-07-04,15710.5,15852.35,15661.8,15835.35,304328467.0,19875.22
2022-07-05,15909.15,16025.75,15785.45,15810.85,254164463.0,19129.6
2022-07-06,15818.2,16011.35,15800.9,15989.8,288375300.0,22836.77
2022-07-07,16113.75,16150.5,16045.95,16132.9,264615218.0,21465.33
2022-07-08,16273.65,16275.5,16157.9,16220.6,281102369.0,20990.69
2022-07-11,16136.15,16248.55,16115.5,16216.0,255915072.0,20240.69
2022-07-12,16126.2,16158.75,16031.15,16058.3,208648707.0,16042.52
2022-07-13,16128.2,16140.0,15950.15,15966.65,233264100.0,19649.66
2022-07-14,16018.85,16070.85,15858.2,15938.65,228603433.0,18858.83
2022-07-15,16010.8,16066.95,15927.3,16049.2,205768079.0,17031.43
2022-07-18,16151.4,16287.95,16142.2,16278.5,227744850.0,19420.93
2022-07-19,16187.05,16359.5,16187.05,16340.55,222630928.0,18068.59
2022-07-20,16562.8,16588.0,16490.95,16520.85,284359582.0,22061.81
2022-07-21,16523.55,16626.95,16483.9,16605.25,243625339.0,20603.17
2022-07-22,16661.25,16752.25,16610.9,16719.45,190906776.0,18600.11
2022-07-25,16662.55,16706.05,16564.25,16631.0,211392171.0,19384.43
2022-07-26,16632.9,16636.1,16463.3,16483.85,208208122.0,20087.54
2022-07-27,16475.35,16653.45,16438.75,16641.8,185210970.0,17608.03
2022-07-28,16774.85,16947.65,16746.25,16929.6,376256315.0,26674.28
2022-07-29,17079.5,17172.8,17018.15,17158.25,436059722.0,28241.29
2022-08-01,17243.2,17356.25,17154.8,17340.05,381532671.0,23221.04
2022-08-02,17310.15,17390.15,17215.85,17345.45,333639093.0,22576.94
2022-08-03,17349.25,17407.5,17225.85,17388.15,285414666.0,20842.13
2022-08-04,17463.1,17490.7,17161.25,17382.0,324981426.0,21848.21
2022-08-05,17423.65,17474.4,17348.75,17397.5,355310802.0,20013.14
2022-08-08,17401.5,17548.8,17359.75,17525.1,256994113.0,18475.21
2022-08-10,17566.1,17566.1,17442.8,17534.75,312716544.0,21952.35
2022-08-11,17711.65,17719.3,17631.95,17659.0,311247237.0,20476.53
2022-08-12,17659.65,17724.65,17597.85,17698.15,303872483.0,18422.47
2022-08-16,17797.2,17839.1,17764.05,17825.25,278042725.0,18495.27
2022-08-17,17868.15,17965.95,17833.35,17944.25,262768582.0,21209.54
2022-08-18,17898.65,17968.45,17852.05,17956.5,263914197.0,18441.68
2022-08-19,17966.55,17992.2,17710.75,17758.45,295627263.0,21531.99
2022-08-22,17682.9,17690.05,17467.35,17490.7,287559133.0,19605.44
2022-08-23,17357.35,17625.55,17345.2,17577.5,285616338.0,20365.8
2022-08-24,17525.45,17623.65,17499.25,17604.95,261953239.0,17819.88
2022-08-25,17679.0,17726.5,17487.45,17522.45,230181848.0,17566.7
2022-08-26,17619.3,17685.85,17519.35,17558.9,266636238.0,17500.8
2022-08-29,17188.65,17380.15,17166.2,17312.9,244854637.0,19351.5
2022-08-30,17414.95,17777.65,17401.5,17759.3,324687477.0,26284.26
2022-09-01,17485.7,17695.6,17468.45,17542.8,308526598.0,26813.95
2022-09-02,17598.4,17643.85,17476.45,17539.45,256268616.0,19548.88
2022-09-05,17546.45,17683.15,17540.35,17665.8,230309013.0,17011.26
2022-09-06,17695.7,17764.65,17587.65,17655.6,251204527.0,17521.09
2022-09-07,17519.4,17650.75,17484.3,17624.4,354137885.0,25419.5
2022-09-08,17748.15,17807.65,17691.95,17798.75,279845682.0,19925.25
2022-09-09,17923.35,17925.95,17786.0,17833.35,270299618.0,20564.06
2022-09-12,17890.85,17980.55,17889.15,17936.35,228242025.0,17648.17
2022-09-13,18044.45,18088.3,18015.45,18070.05,259922741.0,21039.08
2022-09-14,17771.15,18091.55,17771.15,18003.75,365866933.0,26611.96
2022-09-15,18046.35,18096.15,17861.5,17877.4,289637528.0,22007.78
2022-09-16,17796.8,17820.05,17497.25,17530.85,468464263.0,36013.89
2022-09-19,17540.65,17667.2,17429.7,17622.25,258329581.0,19548.99
2022-09-20,17770.4,17919.3,17744.4,17816.25,263100874.0,20456.69
2022-09-21,17766.35,17838.7,17663.6,17718.35,245532498.0,19816.78
2022-09-22,17609.65,17722.75,17532.45,17629.8,284094023.0,21303.96
2022-09-23,17593.85,17642.15,17291.65,17327.35,390754862.0,23750.53
2022-09-26,17156.3,17196.4,16978.3,17016.3,492002942.0,27533.01
2022-09-27,17110.9,17176.45,16942.35,17007.4,359895458.0,22712.8
2022-09-28,16870.55,17037.6,16820.4,16858.6,323922457.0,21400.93
2022-09-29,16993.6,17026.05,16788.6,16818.1,340034380.0,24758.63
2022-09-30,16798.05,17187.1,16747.7,17094.35,380204763.0,26205.63
2022-10-03,17102.1,17114.65,16855.55,16887.35,285850587.0,21860.54
2022-10-04,17147.45,17287.3,17117.3,17274.3,231601639.0,18480.43
2022-10-06,17379.25,17428.8,17315.65,17331.8,268239320.0,20404.46
2022-10-07,17287.2,17337.35,17216.95,17314.65,216273136.0,17043.26
2022-10-10,17094.35,17280.15,17064.7,17241.0,234005512.0,16220.67
2022-10-11,17256.05,17261.8,16950.3,16983.55,282617982.0,22178.37
2022-10-12,17025.55,17142.35,16960.05,17123.6,256037322.0,18098.41
2022-10-13,17087.35,17112.35,16956.95,17014.35,266438674.0,18189.64
2022-10-14,17322.3,17348.55,17169.75,17185.7,226997138.0,17813.47
2022-10-17,17144.8,17328.55,17098.55,17311.8,212223419.0,16887.83
2022-10-18,17438.75,17527.8,17434.05,17486.95,239493630.0,18224.95
2022-10-19,17568.15,17607.6,17472.85,17512.25,210480869.0,17200.79
2022-10-20,17423.1,17584.15,17421.0,17563.95,249604832.0,18345.6
2022-10-21,17622.85,17670.15,17520.75,17576.3,277702680.0,23547.38
2022-10-24,17736.35,17777.55,17707.4,17730.75,45029477.0,3772.49
2022-10-25,17808.3,17811.5,17637.0,17656.35,251358203.0,20338.32
2022-10-27,17771.4,17783.9,17654.5,17736.95,324649088.0,24166.3
2022-10-28,17756.4,17838.9,17723.7,17786.8,250030113.0,19099.59
2022-10-31,17910.2,18022.8,17899.9,18012.2,227174539.0,19846.47
2022-11-01,18130.7,18175.8,18060.15,18145.4,349924808.0,26796.59
2022-11-02,18177.9,18178.75,18048.65,18082.85,270878019.0,20072.62
2022-11-03,17968.35,18106.3,17959.2,18052.7,212968291.0,16037.78
2022-11-04,18053.4,18135.1,18017.15,18117.15,267941526.0,21062.54
2022-11-07,18211.75,18255.5,18064.75,18202.8,314758398.0,25124.84
2022-11-09,18288.25,18296.4,18117.5,18157.0,307155149.0,23344.58
2022-11-10,18044.35,18103.1,17969.4,18028.2,256451785.0,19848.06
2022-11-11,18272.35,18362.3,18259.35,18349.7,378469072.0,30732.11
2022-11-14,18376.4,18399.45,18311.4,18329.15,301401961.0,21697.66
2022-11-15,18362.75,18427.95,18282.0,18403.4,250926391.0,17836.19
2022-11-16,18398.25,18442.15,18344.15,18409.65,219268992.0,19732.87
2022-11-17,18358.7,18417.6,18312.95,18343.9,200512910.0,16410.36
2022-11-18,18382.95,18394.6,18209.8,18307.65,198794846.0,16553.69
2022-11-21,18246.4,18262.3,18133.35,18159.95,213794598.0,15037.5
2022-11-22,18179.15,18261.85,18137.7,18244.2,177681099.0,14750.98
2022-11-23,18325.2,18325.4,18246.0,18267.25,178791087.0,15674.45
2022-11-24,18326.1,18529.7,18294.25,18484.1,204044559.0,18218.35
2022-11-25,18528.45,18534.9,18445.1,18512.75,205876043.0,17112.8
2022-11-28,18430.55,18614.25,18365.6,18562.75,206468884.0,19006.92
2022-11-29,18552.45,18678.1,18552.15,18618.05,195255179.0,16568.17
2022-11-30,18625.7,18816.05,18616.55,18758.35,345636288.0,32757.21
2022-12-01,18871.95,18887.6,18778.2,18812.5,324955829.0,22216.65
2022-12-02,18752.4,18781.95,18639.2,18696.1,254401004.0,20233.76
2022-12-05,18719.55,18728.6,18591.35,18701.05,288393766.0,19471.83
2022-12-06,18600.65,18654.9,18577.9,18642.75,217777090.0,17772.27
2022-12-07,18638.85,18668.3,18528.4,18560.5,200501720.0,17496.8
2022-12-08,18570.85,18625.0,18536.95,18609.35,202811256.0,19277.65
2022-12-09,18662.4,18664.7,18410.1,18496.6,215839572.0,20317.78
2022-12-12,18402.15,18521.55,18345.7,18497.15,193883468.0,16688.2
2022-12-13,18524.4,18617.25,18490.2,18608.0,187585567.0,16536.17
2022-12-14,18671.25,18696.1,18632.9,18660.3,208030337.0,16626.0
2022-12-15,18614.4,18652.9,18387.7,18414.9,183127544.0,15618.55
2022-12-16,18319.1,18440.95,18255.15,18269.0,277650193.0,23292.95
2022-12-19,18288.1,18431.65,18244.55,18420.45,154847475.0,14455.23
2022-12-20,18340.3,18404.9,18202.65,18385.3,169041783.0,15038.56
2022-12-21,18435.15,18473.35,18162.75,18199.1,187594274.0,17223.44
2022-12-22,18288.8,18318.75,18068.6,18127.35,195699650.0,16725.23
2022-12-23,17977.65,18050.45,17779.5,17806.8,221454773.0,18486.94
2022-12-26,17830.4,18084.1,17774.25,18014.6,176652342.0,13708.21
2022-12-27,18089.8,18149.25,17967.45,18132.3,214257094.0,13000.64
2022-12-28,18084.75,18173.1,18068.35,18122.5,193873167.0,13997.59
2022-12-29,18045.7,18229.7,17992.8,18191.0,281052828.0,18466.05
2022-12-30,18259.1,18265.25,18080.3,18105.3,192005563.0,14475.22
2023-01-02,18131.7,18215.15,18086.5,18197.45,256073979.0,11793.06
2023-01-03,18163.2,18251.95,18149.8,18232.55,208699772.0,13680.91
2023-01-04,18230.65,18243.0,18020.6,18042.95,235162202.0,16687.71
2023-01-05,18101.95,18120.3,17892.6,17992.15,269949738.0,22108.53
2023-01-06,18008.05,18047.4,17795.55,17859.45,238220578.0,17495.25
2023-01-09,17952.55,18141.4,17936.15,18101.2,257237669.0,19916.16
2023-01-10,18121.3,18127.6,17856.0,17914.15,283277918.0,20570.3
2023-01-11,17924.25,17976.35,17824.35,17895.7,259853294.0,20204.33
2023-01-12,17920.85,17945.8,17761.65,17858.2,227769060.0,19762.43
2023-01-13,17867.5,17999.35,17774.25,17956.6,256700729.0,21341.7
2023-01-16,18033.15,18049.65,17853.65,17894.85,206195816.0,16728.37
2023-01-17,17922.8,18072.05,17886.95,18053.3,219055125.0,17461.09
2023-01-18,18074.3,18183.75,18032.45,18165.35,255840928.0,20500.07
2023-01-19,18119.8,18155.2,18063.75,18107.85,237833991.0,18413.13
2023-01-20,18115.6,18145.45,18016.2,18027.65,237225269.0,19519.96
2023-01-23,18118.45,18162.6,18063.45,18118.55,202460434.0,17060.12
2023-01-24,18183.95,18201.25,18078.65,18118.3,216910302.0,19705.91
2023-01-25,18093.35,18100.6,17846.15,17891.95,257227052.0,20890.56
2023-01-27,17877.2,17884.75,17493.55,17604.35,476342611.0,40104.83
2023-01-30,17541.95,17709.15,17405.55,17648.95,432434028.0,38159.88
2023-01-31,17731.45,17735.7,17537.55,17662.15,398338541.0,35023.7
2023-02-01,17811.6,17972.2,17353.4,17616.3,512870802.0,38486.19
2023-02-02,17517.1,17653.9,17445.95,17610.4,490113567.0,37639.96
2023-02-03,17721.75,17870.3,17584.2,17854.05,424123037.0,34503.67
2023-02-06,17818.55,17823.7,17698.35,17764.6,282544790.0,21864.88
2023-02-07,17790.1,17811.15,17652.55,17721.5,354395693.0,23611.08
2023-02-08,17750.3,17898.7,17744.15,17871.7,290994265.0,23733.4
2023-02-09,17885.5,17916.9,17779.8,17893.45,260854055.0,21529.97
2023-02-10,17847.55,17876.95,17801.0,17856.5,231991834.0,17063.99
2023-02-13,17859.1,17880.7,17719.75,17770.9,231276483.0,17406.31
2023-02-14,17840.35,17954.55,17800.05,17929.85,244512944.0,20579.8
2023-02-15,17896.6,18034.1,17853.8,18015.85,229273800.0,21457.34
2023-02-16,18094.75,18134.75,18000.65,18035.85,230246175.0,18891.55
2023-02-17,17974.85,18034.25,17884.6,17944.2,208053929.0,16998.33
2023-02-20,17965.55,18004.35,17818.4,17844.6,174563233.0,14729.07
2023-02-21,17905.8,17924.9,17800.3,17826.7,198248205.0,15593.09
2023-02-22,17755.35,17772.5,17529.45,17554.3,204021979.0,17162.09
2023-02-23,17574.65,17620.05,17455.4,17511.25,240807918.0,19313.68
2023-02-24,17591.35,17599.75,17421.8,17465.8,209406363.0,16100.18
2023-02-27,17428.6,17451.6,17299.0,17392.7,246448847.0,16638.41
2023-02-28,17383.25,17440.45,17255.2,17303.95,420881259.0,32959.77
2023-03-01,17360.1,17467.75,17345.25,17450.9,272881409.0,19784.53
2023-03-02,17421.5,17445.8,17306.0,17321.9,310669094.0,22068.68
2023-03-03,17451.25,17644.75,17427.7,17594.35,356169518.0,24143.96
2023-03-06,17680.35,17799.95,17671.95,17711.45,362801096.0,26959.41
2023-03-08,17665.75,17766.5,17602.25,17754.4,267041402.0,23155.56
2023-03-09,17772.05,17772.35,17573.6,17589.6,262352056.0,21964.17
2023-03-10,17443.8,17451.5,17324.35,17412.9,235927570.0,19794.73
2023-03-13,17421.9,17529.9,17113.45,17154.3,254914657.0,22860.67
2023-03-14,17160.55,17224.65,16987.1,17043.3,290604200.0,26057.6
2023-03-15,17166.45,17211.35,16938.9,16972.15,248188970.0,22659.09
2023-03-16,16994.65,17062.45,16850.15,16985.6,349820607.0,24198.71
2023-03-17,17111.8,17145.8,16958.15,17100.05,408121255.0,30478.42
2023-03-20,17066.6,17066.6,16828.35,16988.4,241777405.0,21454.09
2023-03-21,17060.4,17127.7,17016.0,17107.5,246737873.0,22039.11
2023-03-22,17177.45,17207.25,17107.85,17151.9,185700457.0,15712.0
2023-03-23,17097.4,17205.4,17045.3,17076.9,219171517.0,19676.97
2023-03-24,17076.2,17109.45,16917.35,16945.05,228038299.0,19019.88
2023-03-27,16984.3,17091.0,16918.55,16985.7,218418670.0,18466.56
2023-03-28,17031.75,17061.75,16913.75,16951.7,238840919.0,20942.5
2023-03-29,16977.3,17126.15,16940.6,17080.7,345911087.0,27261.74
2023-03-31,17210.35,17381.6,17204.65,17359.75,263889033.0,24970.98
2023-04-03,17427.95,17428.05,17312.75,17398.05,230170687.0,20359.58
2023-04-05,17422.3,17570.55,17402.7,17557.05,248345193.0,23911.75
2023-04-06,17533.85,17638.7,17502.85,17599.15,242708337.0,23543.21
2023-04-10,17634.9,17694.1,17597.95,17624.05,254819382.0,21092.06
2023-04-11,17704.8,17748.75,17655.15,17722.3,304263454.0,25841.64
2023-04-12,17759.55,17825.75,17717.25,17812.4,232816318.0,22851.93
2023-04-13,17807.3,17842.15,17729.65,17828.0,285764798.0,26460.2
2023-04-17,17863.0,17863.0,17574.05,17706.85,357401212.0,35118.57
2023-04-18,17766.6,17766.6,17610.2,17660.15,258856690.0,23032.99
2023-04-19,17653.35,17666.15,17579.85,17618.75,281463379.0,21562.08
2023-04-20,17638.6,17684.45,17584.35,17624.45,215103396.0,19457.45
2023-04-21,17639.75,17663.2,17553.95,17624.05,230156645.0,19091.44
2023-04-24,17707.55,17754.5,17612.5,17743.4,255740393.0,23142.94
2023-04-25,17761.55,17807.45,17716.85,17769.25,297445999.0,28819.53
2023-04-26,17767.3,17827.75,17711.2,17813.6,233008677.0,21295.14
2023-04-27,17813.1,17931.6,17797.9,17915.05,241434660.0,24454.15
2023-04-28,17950.4,18089.15,17885.3,18065.0,290263674.0,27026.12
2023-05-02,18124.8,18180.25,18101.75,18147.65,265216308.0,23615.47
2023-05-03,18113.8,18116.35,18042.4,18089.85,226171254.0,19079.79
2023-05-04,18081.0,18267.45,18066.7,18255.8,226643581.0,21889.48
2023-05-05,18117.3,18216.95,18055.45,18069.0,239702311.0,26152.88
2023-05-08,18120.6,18286.95,18100.3,18264.4,228399379.0,22687.94
2023-05-09,18303.4,18344.2,18229.65,18265.95,245368649.0,23478.06
2023-05-10,18313.6,18326.75,18211.95,18315.1,220450874.0,21416.41
2023-05-11,18357.8,18389.7,18270.4,18297.0,248932544.0,26440.1
2023-05-12,18273.75,18342.75,18194.55,18314.8,241702589.0,22046.04
2023-05-15,18339.3,18458.9,18287.9,18398.85,216088535.0,19329.75
2023-05-16,18432.35,18432.35,18264.35,18286.5,219490491.0,21063.78
2023-05-17,18300.45,18309.0,18115.35,18181.75,229898510.0,20903.12
2023-05-18,18287.5,18297.2,18104.85,18129.95,272103515.0,24172.44
2023-05-19,18186.15,18218.1,18060.4,18203.4,260898407.0,22105.67
2023-05-22,18201.1,18335.25,18178.85,18314.4,262560942.0,25147.58
2023-05-23,18362.9,18419.75,18324.2,18348.0,270354216.0,28648.15
2023-05-24,18294.8,18392.6,18262.95,18285.4,232621507.0,24273.17
2023-05-25,18268.9,18338.1,18202.4,18321.15,235915651.0,22411.41
2023-05-26,18368.35,18508.55,18333.15,18499.35,198668359.0,19094.08
2023-05-29,18619.15,18641.2,18581.25,18598.65,265323978.0,19237.57
2023-05-30,18606.65,18662.45,18575.5,18633.85,234391323.0,21660.69
2023-05-31,18594.2,18603.9,18483.85,18534.4,696495765.0,70755.08
2023-06-01,18579.4,18580.3,18464.55,18487.75,265630759.0,24056.99
2023-06-02,18550.85,18573.7,18478.4,18534.1,270923679.0,23171.88
2023-06-05,18612.0,18640.15,18582.8,18593.85,256111496.0,20369.16
2023-06-06,18600.8,18622.75,18531.6,18599.0,220789926.0,21957.47
2023-06-07,18665.6,18738.95,18636.0,18726.4,260109671.0,21482.77
2023-06-08,18725.35,18777.9,18615.6,18634.55,286468927.0,22762.3
2023-06-09,18655.9,18676.65,18555.4,18563.4,221760885.0,20181.42
2023-06-12,18595.05,18633.6,18559.75,18601.5,179463966.0,15386.04
2023-06-13,18631.8,18728.9,18631.8,18716.15,233167883.0,22612.62
2023-06-14,18744.6,18769.7,18690.0,18755.9,261354575.0,19520.08
2023-06-15,18774.45,18794.1,18669.05,18688.1,263004991.0,24820.77
2023-06-16,18723.3,18864.7,18710.5,18826.0,272771256.0,28877.67
2023-06-19,18873.3,18881.45,18719.15,18755.45,219815214.0,22699.84
2023-06-20,18752.35,18839.7,18660.65,18816.7,211649257.0,19687.08
2023-06-21,18849.4,18875.9,18794.85,18856.85,217481345.0,19102.48
2023-06-22,18853.6,18886.6,18759.5,18771.25,252697871.0,24990.87
2023-06-23,18741.85,18756.4,18647.1,18665.5,210562119.0,20619.6
2023-06-26,18682.35,18722.05,18646.7,18691.2,171271325.0,17355.14
2023-06-27,18748.55,18829.25,18714.25,18817.4,222464605.0,21415.89
2023-06-28,18908.15,19011.25,18861.35,18972.1,398782019.0,37356.94
2023-06-30,19076.85,19201.7,19024.6,19189.05,247906587.0,26376.62
2023-07-03,19246.5,19345.1,19234.4,19322.55,226050219.0,22681.54
2023-07-04,19406.6,19434.15,19300.0,19389.0,226916635.0,26634.06
2023-07-05,19405.95,19421.6,19339.6,19398.5,224418797.0,24699.24
2023-07-06,19385.7,19512.2,19373.0,19497.3,268261285.0,28540.18
2023-07-07,19422.8,19523.6,19303.6,19331.8,237102566.0,23089.25
2023-07-10,19400.35,19435.85,19327.1,19355.9,268246132.0,25991.55
2023-07-11,19427.1,19515.1,19406.45,19439.4,251263638.0,26883.78
2023-07-12,19497.45,19507.7,19361.75,19384.3,327941559.0,40163.14
2023-07-13,19495.2,19567.0,19385.8,19413.75,310442517.0,27244.56
2023-07-14,19493.45,19595.35,19433.5,19564.5,291165841.0,25484.44
2023-07-17,19612.15,19731.85,19562.95,19711.45,268707894.0,25975.57
2023-07-18,19787.5,19819.45,19690.2,19749.25,286353897.0,33269.08
2023-07-19,19802.95,19851.7,19727.45,19833.15,259660464.0,26447.9
2023-07-20,19831.7,19991.85,19758.4,19979.15,274698867.0,30622.66
2023-07-21,19800.45,19887.4,19700.0,19745.0,312461795.0,33802.14
2023-07-24,19748.45,19782.75,19658.3,19672.35,265562151.0,24522.29
2023-07-25,19729.35,19729.35,19615.95,19680.6,369653496.0,29665.67
2023-07-26,19733.35,19825.6,19716.7,19778.3,244747425.0,23023.86
2023-07-27,19850.9,19867.55,19603.55,19659.9,334891351.0,35019.13
2023-07-28,19659.75,19695.9,19563.1,19646.05,258671382.0,22995.98
2023-07-31,19666.35,19772.75,19597.6,19753.8,295053318.0,23075.38
2023-08-01,19784.0,19795.6,19704.6,19733.55,298048161.0,24554.71
2023-08-02,19655.4,19678.25,19423.55,19526.55,290666798.0,23997.47
2023-08-03,19463.75,19537.65,19296.45,19381.65,315688612.0,29899.38
2023-08-04,19462.8,19538.85,19436.45,19517.0,280799561.0,28086.15
2023-08-07,19576.85,19620.45,19524.8,19597.3,216586074.0,21655.87
2023-08-08,19627.2,19634.4,19533.1,19570.85,260294052.0,25437.47
2023-08-09,19578.8,19645.5,19467.5,19632.55,266495074.0,23201.75
2023-08-10,19605.55,19623.6,19495.4,19543.1,312193785.0,29430.34
2023-08-11,19554.25,19557.75,19412.75,19428.3,235524048.0,24521.24
2023-08-14,19383.95,19465.85,19257.9,19434.55,243850815.0,22767.43
2023-08-16,19369.0,19482.75,19317.2,19465.0,226627230.0,21484.66
2023-08-17,19450.55,19461.55,19326.25,19365.25,268663456.0,26505.65
2023-08-18,19301.75,19373.8,19253.6,19310.15,256142364.0,25641.41
2023-08-21,19320.65,19425.95,19296.3,19393.6,262589133.0,20738.75
2023-08-22,19417.1,19443.5,19381.3,19396.45,208704354.0,20226.48
2023-08-23,19439.2,19472.05,19366.6,19444.0,225214991.0,20167.16
2023-08-24,19535.15,19584.45,19369.0,19386.7,268256859.0,24338.24
2023-08-25,19297.4,19339.55,19229.7,19265.8,466518217.0,24998.12
2023-08-28,19298.35,19366.85,19249.7,19306.05,248178769.0,18237.22
2023-08-29,19374.85,19377.9,19309.1,19342.65,307388116.0,22501.12
2023-08-30,19433.45,19452.8,19334.75,19347.45,233004568.0,19877.49
2023-08-31,19375.55,19388.2,19223.65,19253.8,562557215.0,45699.54
2023-09-01,19258.15,19458.55,19255.7,19435.3,372502191.0,25962.38
2023-09-04,19525.05,19545.15,19432.85,19528.8,396071122.0,24822.79
2023-09-05,19564.65,19587.05,19525.75,19574.9,303958622.0,24029.89
2023-09-06,19581.2,19636.45,19491.5,19611.05,512974083.0,32500.52
2023-09-07,19598.65,19737.0,19550.05,19727.05,304929822.0,23591.0
2023-09-08,19774.8,19867.15,19728.05,19819.95,288093693.0,23530.84
2023-09-11,19890.0,20008.15,19865.35,19996.35,248763130.0,21924.34
2023-09-12,20110.15,20110.35,19914.65,19993.2,328064239.0,30110.8
2023-09-13,19989.5,20096.9,19944.1,20070.0,251394599.0,24332.36
2023-09-14,20127.95,20167.65,20043.45,20103.1,275111881.0,21902.65
2023-09-15,20156.45,20222.45,20129.7,20192.35,438185104.0,42681.35
2023-09-18,20155.95,20195.35,20115.7,20133.3,264870758.0,21135.95
2023-09-20,19980.75,20050.65,19878.85,19901.4,378065882.0,37351.58
2023-09-21,19840.55,19848.75,19709.95,19742.35,275132260.0,26711.83
2023-09-22,19744.85,19798.65,19657.5,19674.25,246410075.0,24137.57
2023-09-25,19678.2,19734.15,19601.55,19674.55,188398392.0,20194.48
2023-09-26,19682.8,19699.35,19637.45,19664.7,204869058.0,18118.19
2023-09-27,19637.05,19730.7,19554.0,19716.45,203559874.0,19659.17
2023-09-28,19761.8,19766.65,19492.1,19523.55,352810261.0,30069.78
2023-09-29,19581.2,19726.25,19551.05,19638.3,243508919.0,20978.72
2023-10-03,19622.4,19623.2,19479.65,19528.75,221719625.0,21459.58
2023-10-04,19446.3,19457.8,19333.6,19436.1,277148310.0,26017.47
2023-10-05,19521.85,19576.95,19487.3,19545.75,234865323.0,22019.04
2023-10-06,19621.2,19675.75,19589.4,19653.5,159051277.0,16096.52
2023-10-09,19539.45,19588.95,19480.5,19512.35,165094800.0,15499.67
2023-10-10,19565.6,19717.8,19565.45,19689.85,216559447.0,18735.62
2023-10-11,19767.0,19839.2,19756.95,19811.35,213729730.0,19900.99
2023-10-12,19822.7,19843.3,19772.65,19794.0,217904144.0,20999.94
2023-10-13,19654.55,19805.4,19635.3,19751.05,254955979.0,24363.02
2023-10-16,19737.25,19781.3,19691.85,19731.75,180964341.0,14746.01
2023-10-17,19843.2,19849.75,19775.65,19811.5,185846716.0,16839.87
2023-10-18,19820.45,19840.95,19659.95,19671.1,198942937.0,18581.64
2023-10-19,19545.2,19681.8,19512.35,19624.7,230312163.0,23582.01
2023-10-20,19542.15,19593.8,19518.7,19542.65,198341255.0,17944.31
2023-10-23,19521.6,19556.85,19257.85,19281.75,176044288.0,16212.9
2023-10-25,19286.45,19347.3,19074.15,19122.15,225291741.0,19818.32
2023-10-26,19027.25,19041.7,18837.85,18857.25,300356469.0,28939.64
2023-10-27,18928.75,19076.15,18926.65,19047.25,205201044.0,19947.48
2023-10-30,19053.4,19158.5,18940.0,19140.9,180132492.0,17095.73
2023-10-31,19232.95,19233.7,19056.45,19079.6,206049341.0,19397.36
2023-11-01,19064.05,19096.05,18973.7,18989.15,194103279.0,18452.51
2023-11-02,19120.0,19175.25,19064.15,19133.25,245595109.0,19771.49
2023-11-03,19241.0,19276.25,19210.9,19230.6,189516123.0,17304.87
2023-11-06,19345.85,19423.0,19309.7,19411.75,180690631.0,16296.56
2023-11-07,19404.05,19423.5,19329.1,19406.7,198660124.0,18288.06
2023-11-08,19449.6,19464.4,19401.5,19443.5,194967997.0,17060.45
2023-11-09,19457.4,19463.9,19378.35,19395.3,208418472.0,19087.29
2023-11-10,19351.85,19451.3,19329.45,19425.35,152215785.0,12916.21
2023-11-12,19547.25,19547.25,19510.25,19525.55,37311902.0,2482.27
2023-11-13,19486.75,19494.4,19414.75,19443.55,189275733.0,13527.22
2023-11-15,19651.4,19693.2,19579.65,19675.45,291464988.0,24957.24
2023-11-16,19674.7,19875.25,19627.0,19765.2,282686669.0,26041.45
2023-11-17,19674.75,19806.0,19667.45,19731.8,236827462.0,21681.28
2023-11-20,19731.15,19756.45,19670.5,19694.0,173780543.0,16737.05
2023-11-21,19770.9,19829.1,19754.05,19783.4,194969012.0,17947.2
2023-11-22,19784.0,19825.55,19703.85,19811.85,184497984.0,17405.48
2023-11-23,19828.45,19875.15,19786.75,19802.0,170024085.0,15906.94
2023-11-24,19809.6,19832.85,19768.85,19794.7,145895044.0,14389.29
2023-11-28,19844.65,19916.85,19800.0,19889.7,229595031.0,23043.25
2023-11-29,19976.55,20104.65,19956.3,20096.6,236241768.0,22367.64
2023-11-30,20108.5,20158.7,20015.85,20133.15,486585349.0,48877.95
2023-12-01,20194.1,20291.55,20183.7,20267.9,265812566.0,22461.53
2023-12-04,20601.95,20702.65,20507.75,20686.8,381107418.0,33917.52
2023-12-05,20808.9,20864.05,20711.15,20855.1,421008350.0,41763.52
2023-12-06,20950.75,20961.95,20852.15,20937.7,359212958.0,35654.76
2023-12-07,20932.4,20941.25,20850.8,20901.15,274985308.0,24862.43
2023-12-08,20934.1,21006.1,20862.7,20969.4,292440768.0,27449.96
2023-12-11,20965.3,21026.1,20923.7,20997.1,212921451.0,21150.17
2023-12-12,21018.55,21037.9,20867.15,20906.4,244867128.0,25404.64
2023-12-13,20929.75,20950.0,20769.5,20926.35,260269318.0,25918.44
2023-12-14,21110.4,21210.9,21074.45,21182.7,334410589.0,32593.42
2023-12-15,21287.45,21492.3,21235.3,21456.65,508761756.0,50114.46
2023-12-18,21434.8,21482.8,21365.35,21418.65,249668965.0,23615.28
2023-12-19,21477.65,21505.05,21337.75,21453.1,249750062.0,23750.61
2023-12-20,21543.5,21593.0,21087.35,21150.15,363886229.0,30993.12
2023-12-21,21033.95,21288.35,20976.8,21255.05,277548079.0,26001.02
2023-12-22,21295.85,21390.5,21232.45,21349.4,284708918.0,27709.29
2023-12-26,21365.2,21477.15,21329.45,21441.35,219467748.0,20081.33
2023-12-27,21497.65,21675.75,21495.8,21654.75,256542963.0,23059.25
2023-12-28,21715.0,21801.45,21678.0,21778.7,393080755.0,35031.0
2023-12-29,21737.65,21770.3,21676.9,21731.4,270922276.0,23697.88
2024-01-01,21727.75,21834.35,21680.85,21741.9,153995217.0,14184.09
2024-01-02,21751.35,21755.6,21555.65,21665.8,263711568.0,25316.13
2024-01-03,21661.1,21677.0,21500.35,21517.35,311933117.0,32329.23
2024-01-04,21605.8,21685.65,21564.55,21658.6,339172697.0,30868.15
2024-01-05,21705.75,21749.6,21629.2,21710.8,309303266.0,26554.49
2024-01-08,21747.6,21763.95,21492.9,21513.0,231452935.0,21140.94
2024-01-09,21653.6,21724.45,21517.85,21544.85,228568589.0,24055.74
2024-01-10,21529.3,21641.85,21448.65,21618.7,216991926.0,20958.96
2024-01-11,21688.0,21726.5,21593.75,21647.2,212453866.0,23492.12
2024-01-12,21773.55,21928.25,21715.15,21894.55,294678459.0,30565.5
2024-01-15,22053.15,22115.55,21963.55,22097.45,345543523.0,29523.15
2024-01-16,22080.5,22124.15,21969.8,22032.3,292433764.0,24435.94
2024-01-17,21647.25,21851.5,21550.45,21571.95,455999867.0,47533.44
2024-01-18,21414.2,21539.4,21285.55,21462.25,387341268.0,39718.84
2024-01-19,21615.2,21670.6,21575.0,21622.4,343055124.0,34429.24
2024-01-20,21706.15,21720.3,21541.8,21571.8,162073740.0,13917.46
2024-01-23,21716.7,21750.25,21192.6,21238.8,449718534.0,48813.68
2024-01-24,21185.25,21482.35,21137.2,21453.95,407460664.0,41718.64
2024-01-25,21454.6,21459.0,21247.05,21352.6,418143077.0,40088.5
2024-01-29,21433.1,21763.25,21429.6,21737.6,376702289.0,34516.42
2024-01-30,21775.75,21813.05,21501.8,21522.1,375137333.0,32916.3
2024-01-31,21487.25,21741.35,21448.85,21725.7,410583065.0,41587.85
2024-02-01,21780.65,21832.95,21658.75,21697.45,332541208.0,34042.15
2024-02-02,21812.75,22126.8,21805.55,21853.8,442794738.0,38395.9
2024-02-05,21921.05,21964.3,21726.95,21771.7,440849699.0,33807.94
2024-02-06,21825.2,21951.4,21737.55,21929.4,370968111.0,32910.82
2024-02-07,22045.05,22053.3,21860.15,21930.5,346263704.0,30088.76
2024-02-08,22009.65,22011.05,21665.3,21717.95,491069786.0,41082.02
2024-02-09,21727.0,21804.45,21629.9,21782.5,349222850.0,31176.16
2024-02-12,21800.8,21831.7,21574.75,21616.05,287436165.0,23921.14
2024-02-13,21664.3,21766.8,21543.35,21743.25,365785766.0,29896.62
2024-02-14,21578.15,21870.85,21530.2,21840.05,359120861.0,32535.0
2024-02-15,21906.55,21953.85,21794.8,21910.75,345394395.0,29559.69
2024-02-16,22020.3,22068.65,21968.95,22040.7,343892935.0,30666.89
2024-02-19,22103.45,22186.65,22021.05,22122.25,218252325.0,21375.71
2024-02-20,22099.2,22215.6,22045.85,22196.95,295705319.0,26872.32
2024-02-21,22248.85,22249.4,21997.95,22055.05,364545679.0,29741.39
2024-02-22,22081.55,22252.5,21875.25,22217.45,343495136.0,33985.94
2024-02-23,22290.0,22297.5,22186.1,22212.7,225983194.0,24617.01
2024-02-26,22169.2,22202.15,22075.15,22122.05,207775504.0,20850.26
2024-02-27,22090.2,22218.25,22085.65,22198.35,252199186.0,24620.71
2024-02-28,22214.1,22229.15,21915.85,21951.15,202952371.0,20579.8
2024-02-29,21935.2,22060.55,21860.65,21982.8,360165824.0,40196.12
2024-03-01,22048.3,22353.3,22047.75,22338.75,351503075.0,29646.47
2024-03-02,22406.95,22419.55,22367.05,22378.4,35763814.0,1918.77
2024-03-04,22403.5,22440.9,22358.3,22405.6,298794435.0,23771.71
2024-03-05,22371.25,22416.9,22269.15,22356.3,296153036.0,29165.37
2024-03-06,22327.5,22497.2,22224.35,22474.05,312262560.0,31029.01
2024-03-07,22505.3,22525.65,22430.0,22493.55,379865142.0,33558.46
2024-03-11,22517.5,22526.6,22307.25,22332.65,277897373.0,27222.37
2024-03-12,22334.45,22452.55,22256.0,22335.7,299201167.0,29781.12
2024-03-13,22432.2,22446.75,21905.65,21997.7,493341697.0,40109.23
2024-03-14,21982.55,22204.6,21917.5,22146.65,426742460.0,37348.3
2024-03-15,22064.85,22120.9,21931.7,22023.35,661460455.0,60260.88
2024-03-18,21990.1,22123.7,21916.55,22055.7,356321519.0,23015.51
2024-03-19,21946.45,21978.3,21793.1,21817.45,344157465.0,30291.6
2024-03-20,21843.9,21930.9,21710.2,21839.1,312414696.0,28939.85
2024-03-21,21989.9,22080.95,21941.3,22011.95,353172434.0,31258.4
2024-03-22,21932.2,22180.7,21883.3,22096.75,388656439.0,39023.19
2024-03-26,21947.9,22073.2,21947.55,22004.7,328403719.0,33382.08
2024-03-27,22053.95,22193.6,22052.85,22123.65,409136866.0,38830.73
2024-03-28,22163.6,22516.0,22163.6,22326.9,407422815.0,45656.57
2024-04-01,22455.0,22529.95,22427.75,22462.0,243637071.0,21420.69
2024-04-02,22458.8,22497.6,22388.15,22453.3,289524237.0,27940.93
2024-04-03,22385.7,22521.1,22346.5,22434.65,309647491.0,30793.28
2024-04-04,22592.1,22619.0,22303.8,22514.65,400986156.0,40705.56
2024-04-05,22486.4,22537.6,22427.6,22513.7,242244731.0,24797.82
2024-04-08,22578.35,22697.3,22550.35,22666.3,227633561.0,22480.2
2024-04-09,22765.1,22768.4,22612.25,22642.75,232356772.0,21651.69
2024-04-10,22720.25,22775.7,22673.7,22753.8,276847931.0,25355.05
2024-04-12,22677.4,22726.45,22503.75,22519.4,357187778.0,36456.91
2024-04-15,22339.05,22427.45,22259.55,22272.5,355465814.0,29474.59
2024-04-16,22125.3,22213.75,22079.45,22147.9,317267066.0,28661.04
2024-04-18,22212.35,22326.5,21961.7,21995.85,456906707.0,43314.67
2024-04-19,21861.5,22179.55,21777.65,22147.0,362530569.0,36073.63
2024-04-22,22336.9,22375.65,22198.15,22336.4,279259571.0,26841.2
2024-04-23,22447.05,22447.55,22349.45,22368.0,231520813.0,25651.64
2024-04-24,22421.55,22476.45,22384.0,22402.4,235898642.0,21925.6
2024-04-25,22316.9,22625.95,22305.25,22570.35,475044740.0,53803.8
2024-04-26,22620.4,22620.4,22385.55,22419.95,329887340.0,36984.89
2024-04-29,22475.55,22655.8,22441.9,22643.4,291957361.0,32431.45
2024-04-30,22679.65,22783.35,22568.4,22604.85,361859375.0,38741.7
2024-05-02,22567.85,22710.5,22567.85,22648.2,445909456.0,43133.31
2024-05-03,22766.35,22794.7,22348.05,22475.85,438060727.0,44432.55
2024-05-06,22561.6,22588.8,22409.45,22442.7,320255789.0,33417.53
2024-05-07,22489.75,22499.05,22232.05,22302.5,297815469.0,31512.26
2024-05-08,22231.2,22368.65,22185.2,22302.5,277438692.0,29717.33
2024-05-09,22224.8,22307.75,21932.4,21957.5,331327454.0,37870.88
2024-05-10,21990.95,22131.3,21950.3,22055.2,265804411.0,28717.71
2024-05-13,22027.95,22131.65,21821.05,22104.05,278186886.0,29036.08
2024-05-14,22112.9,22270.05,22081.25,22217.85,230238941.0,23741.66
2024-05-15,22255.6,22297.55,22151.75,22200.55,231935478.0,23815.79
2024-05-16,22319.2,22432.25,22054.55,22403.85,368945092.0,38836.11
2024-05-17,22415.25,22502.15,22345.65,22466.1,242654570.0,27388.67
2024-05-18,22512.85,22520.25,22470.05,22502.0,19064566.0,1572.77
2024-05-21,22404.55,22591.1,22404.55,22529.05,347591587.0,30782.35
2024-05-22,22576.6,22629.5,22483.15,22597.8,290345590.0,28556.14
2024-05-23,22614.1,22993.6,22577.45,22967.65,369767547.0,39157.65
2024-05-24,22930.75,23026.4,22908.0,22957.1,261927120.0,27966.99
2024-05-27,23038.95,23110.8,22871.2,22932.45,260006078.0,27204.54
2024-05-28,22977.15,22998.55,22858.5,22888.15,217890750.0,23054.65
2024-05-29,22762.75,22825.5,22685.45,22704.7,269932784.0,27549.09
2024-05-30,22617.45,22705.75,22417.0,22488.65,373374457.0,32991.46
2024-05-31,22568.1,22653.75,22465.1,22530.7,572122639.0,67040.32
2024-06-03,23337.9,23338.7,23062.3,23263.9,569425569.0,56418.25
2024-06-04,23179.5,23179.5,21281.45,21884.5,1006105058.0,93786.44
2024-06-05,22128.35,22670.4,21791.95,22620.35,638487077.0,64326.85
2024-06-06,22798.6,22910.15,22642.6,22821.4,480413289.0,49047.39
2024-06-07,22821.85,23320.2,22789.05,23290.15,473554898.0,47621.54
2024-06-10,23319.15,23411.9,23227.15,23259.2,304392368.0,29060.4
2024-06-11,23283.75,23389.45,23206.65,23264.85,305185666.0,29190.91
2024-06-12,23344.45,23441.95,23295.95,23322.95,295630910.0,31795.48
2024-06-13,23480.95,23481.05,23353.9,23398.9,268279841.0,30151.67
2024-06-14,23464.95,23490.4,23334.25,23465.6,223086741.0,25746.34
2024-06-18,23570.8,23579.05,23499.7,23557.9,272207297.0,29389.75
2024-06-19,23629.85,23664.0,23412.9,23516.0,328811255.0,39430.39
2024-06-20,23586.15,23624.0,23442.6,23567.0,280336970.0,33390.07
2024-06-21,23661.15,23667.1,23398.2,23501.1,609877803.0,70062.97
2024-06-24,23382.3,23558.1,23350.0,23537.85,239358460.0,24862.37
2024-06-25,23577.1,23754.15,23562.05,23721.3,298111025.0,34263.36
2024-06-26,23723.1,23889.9,23670.45,23868.8,287824687.0,33979.62
2024-06-27,23881.55,24087.45,23805.4,24044.5,515227010.0,61216.71
2024-06-28,24085.9,24174.0,23985.8,24010.6,354779832.0,41242.87
2024-07-01,23992.95,24164.0,23992.7,24141.95,242468081.0,28204.06
2024-07-02,24228.75,24236.35,24056.4,24123.85,309629240.0,34838.65
2024-07-03,24291.75,24309.15,24207.1,24286.5,289201551.0,36661.17
2024-07-04,24369.95,24401.0,24281.0,24302.15,251189844.0,28466.6
2024-07-05,24213.35,24363.0,24168.85,24323.85,298381204.0,32052.48
2024-07-08,24329.45,24344.6,24240.55,24320.55,266299131.0,26356.03
2024-07-09,24351.0,24443.6,24331.9,24433.2,250537091.0,29361.08
2024-07-10,24459.85,24461.05,24141.8,24324.45,292263786.0,35358.54
2024-07-11,24396.55,24402.65,24193.75,24315.95,306404194.0,32115.44
2024-07-12,24387.95,24592.2,24331.15,24502.15,325823474.0,39565.33
2024-07-15,24587.6,24635.05,24522.75,24586.7,305395934.0,31593.04
2024-07-16,24615.9,24661.25,24587.65,24613.0,283212233.0,28668.71
2024-07-18,24543.8,24837.75,24504.45,24800.85,350924425.0,40477.17
2024-07-19,24853.8,24854.8,24508.15,24530.9,,
2024-07-22,24445.75,24595.2,24362.3,24509.25,324190553.0,32496.23
2024-07-23,24568.9,24582.55,24074.2,24479.05,436408768.0,44921.42
2024-07-24,24444.95,24504.25,24307.25,24413.5,366616574.0,39538.11
2024-07-25,24230.95,24426.15,24210.8,24406.1,391821970.0,37853.62
2024-07-26,24423.35,24861.15,24410.9,24834.85,383826136.0,42118.36
2024-07-29,24943.3,24999.75,24774.6,24836.1,354966070.0,37102.92
2024-07-30,24839.4,24971.75,24798.65,24857.3,384989431.0,37576.58
2024-07-31,24886.7,24984.6,24856.5,24951.15,333646302.0,35411.32
2024-08-01,25030.95,25078.3,24956.4,25010.9,431313292.0,38822.9
2024-08-02,24789.0,24851.9,24686.85,24717.7,345027881.0,35368.54
2024-08-05,24302.85,24350.05,23893.7,24055.6,486994718.0,45066.65
2024-08-06,24189.85,24382.6,23960.4,23992.55,312339387.0,31553.65
2024-08-07,24289.4,24337.7,24184.9,24297.5,317564429.0,29738.85
2024-08-08,24248.55,24340.5,24079.7,24117.0,311875940.0,30858.18
2024-08-09,24386.85,24419.75,24311.2,24367.5,215129992.0,22339.19
2024-08-12,24320.05,24472.8,24212.1,24347.0,279925100.0,30311.85
2024-08-13,24342.35,24359.95,24116.5,24139.0,239727640.0,25459.58
2024-08-14,24184.4,24196.5,24099.7,24143.75,303254705.0,27834.61
2024-08-16,24334.85,24563.9,24204.5,24541.15,271611087.0,28521.9
2024-08-19,24636.35,24638.8,24522.95,24572.65,243645503.0,22124.41
2024-08-20,24648.9,24734.3,24607.2,24698.85,238318940.0,25478.73
2024-08-21,24680.55,24787.95,24654.5,24770.2,257114212.0,27404.63
2024-08-22,24863.4,24867.35,24784.45,24811.5,220345125.0,24227.03
2024-08-23,24845.4,24858.4,24771.65,24823.15,206800655.0,23134.22
2024-08-26,24906.1,25043.8,24874.7,25010.6,210266456.0,22166.86
2024-08-27,25024.8,25073.1,24973.65,25017.75,223346636.0,26695.0
2024-08-28,25030.8,25129.6,24964.65,25052.35,220419448.0,26994.19
2024-08-29,25035.3,25192.9,24998.5,25151.95,353993900.0,43221.73
2024-08-30,25249.7,25268.35,25199.4,25235.9,638166179.0,89554.91
2024-09-02,25333.6,25333.65,25235.5,25278.7,222815249.0,28187.71
2024-09-03,25313.4,25321.7,25235.8,25279.85,212131921.0,27276.14
2024-09-04,25089.95,25216.0,25083.8,25198.7,253788501.0,26293.35
2024-09-05,25250.5,25275.45,25127.75,25145.1,222242223.0,26272.38
2024-09-06,25093.7,25168.75,24801.3,24852.15,311671856.0,33001.17
2024-09-09,24823.4,24957.5,24753.15,24936.4,254367252.0,25180.28
2024-09-10,24999.4,25130.5,24896.8,25041.1,251274802.0,27846.31
2024-09-11,25034.0,25113.7,24885.15,24918.45,279229206.0,29395.73
2024-09-12,25059.65,25433.35,24941.45,25388.9,380069653.0,41747.91
2024-09-13,25430.45,25430.5,25292.45,25356.5,250781898.0,25530.69
2024-09-16,25406.65,25445.7,25336.2,25383.75,168694880.0,18705.01
2024-09-17,25416.9,25441.65,25352.25,25418.55,215956868.0,25280.83
2024-09-18,25402.4,25482.2,25285.55,25377.55,215727159.0,28832.0
2024-09-19,25487.05,25611.95,25376.05,25415.8,314461263.0,34389.27
2024-09-20,25525.95,25849.25,25426.6,25790.95,533067422.0,68915.27
2024-09-23,25872.55,25956.0,25847.35,25939.05,209187756.0,24825.74
2024-09-24,25921.45,26011.55,25886.85,25940.4,384115033.0,35573.63
2024-09-25,25899.45,26032.8,25871.35,26004.15,278540972.0,27868.08
2024-09-26,26005.4,26250.9,25998.4,26216.05,370895477.0,40838.36
2024-09-27,26248.25,26277.35,26151.4,26178.95,490332370.0,55420.63
2024-09-30,26061.3,26134.7,25794.1,25810.85,375370974.0,36028.06
2024-10-01,25788.45,25907.6,25739.2,25796.9,247423786.0,27473.29
2024-10-03,25452.85,25639.45,25230.3,25250.1,423395030.0,45689.5
2024-10-04,25181.9,25485.05,24966.8,25014.6,374914801.0,42719.71
2024-10-07,25084.1,25143.0,24694.35,24795.75,374345795.0,40550.24
2024-10-08,24832.2,25044.0,24756.8,25013.15,333220055.0,33493.36
2024-10-09,25065.8,25234.05,24947.7,24981.95,290562844.0,30877.63
2024-10-10,25067.05,25134.05,24979.4,24998.45,261364749.0,28046.45
2024-10-11,24985.3,25028.65,24920.05,24964.25,210462717.0,21734.97
2024-10-14,25023.45,25159.75,25017.5,25127.95,206423311.0,21270.9
2024-10-15,25186.3,25212.05,25008.15,25057.35,257228772.0,29113.88
2024-10-16,25008.55,25093.4,24908.45,24971.3,226774456.0,24115.83
2024-10-17,25027.4,25029.5,24728.9,24749.85,252755662.0,32606.34
2024-10-18,24664.95,24886.2,24567.65,24854.05,290855392.0,31772.76
2024-10-21,24956.15,24978.3,24679.6,24781.1,241978957.0,32207.22
2024-10-22,24798.65,24882.0,24445.8,24472.1,279484697.0,32801.59
2024-10-23,24378.15,24604.25,24378.1,24435.5,284556771.0,31928.1
2024-10-24,24412.7,24480.65,24341.2,24399.4,216686434.0,27817.66
2024-10-25,24418.05,24440.25,24073.9,24180.8,372642214.0,37068.91
2024-10-28,24251.1,24492.6,24134.9,24339.15,278562235.0,28136.06
2024-10-29,24328.85,24484.5,24140.85,24466.85,332044690.0,35579.48
2024-10-30,24371.45,24498.2,24307.3,24340.85,285196335.0,31068.7
2024-10-31,24349.85,24372.45,24172.6,24205.35,287007588.0,33403.89
2024-11-01,24302.75,24368.25,24280.2,24304.35,38811387.0,3348.45
2024-11-04,24315.75,24316.75,23816.15,23995.35,285531635.0,31561.52
2024-11-05,23916.5,24229.05,23842.75,24213.3,289511197.0,30074.77
2024-11-06,24308.75,24537.6,24204.05,24484.05,351082031.0,34108.84
2024-11-07,24489.6,24503.35,24179.05,24199.35,322185588.0,30971.89
2024-11-08,24207.7,24276.15,24066.65,24148.2,298725122.0,27670.3
2024-11-11,24087.25,24336.8,24004.6,24141.3,273370562.0,26600.28
2024-11-12,24225.8,24242.0,23839.15,23883.45,255825829.0,26852.73
2024-11-13,23822.45,23873.6,23509.6,23559.05,304569316.0,27765.81
2024-11-14,23542.15,23675.9,23484.15,23532.7,257708474.0,24814.37
2024-11-18,23605.3,23606.8,23350.4,23453.8,263311912.0,25257.33
2024-11-19,23529.55,23780.65,23464.8,23518.5,297477279.0,30486.78
2024-11-21,23488.45,23507.3,23263.15,23349.9,420332354.0,40900.89
2024-11-22,23411.8,23956.1,23359.0,23907.25,367562789.0,39257.52
2024-11-25,24253.55,24351.55,24135.45,24221.9,687172787.0,85975.81
2024-11-26,24343.3,24343.3,24125.4,24194.5,230691771.0,24140.67
2024-11-27,24204.8,24354.55,24145.65,24274.9,295011445.0,31149.09
2024-11-28,24274.15,24345.75,23873.35,23914.15,366745300.0,41198.27
2024-11-29,23927.15,24188.45,23927.15,24131.1,282104071.0,30509.98
2024-12-02,24140.85,24301.7,24008.65,24276.05,220384187.0,23162.75
2024-12-03,24367.5,24481.35,24280.0,24457.15,339470947.0,34228.3
2024-12-04,24488.75,24573.2,24366.3,24467.45,348003156.0,34639.78
2024-12-05,24539.15,24857.75,24295.55,24708.4,361469920.0,40471.33
2024-12-06,24729.45,24751.05,24620.5,24677.8,226731303.0,23904.13
2024-12-09,24633.9,24705.0,24580.05,24619.0,248139308.0,25099.79
2024-12-10,24652.65,24677.8,24510.65,24610.05,261048951.0,26093.38
2024-12-11,24620.5,24691.75,24583.85,24641.8,187252712.0,21592.23
2024-12-12,24604.45,24675.25,24527.95,24548.7,266051129.0,28235.17
2024-12-13,24498.35,24792.3,24180.8,24768.3,310080852.0,30429.73
2024-12-16,24753.4,24781.25,24601.75,24668.25,187551629.0,18608.23
2024-12-17,24584.8,24624.1,24303.45,24336.0,264881033.0,26765.16
2024-12-18,24297.95,24394.45,24149.85,24198.85,235346534.0,23315.92
2024-12-19,23877.15,24004.9,23870.3,23951.7,271128027.0,27815.23
2024-12-20,23960.7,24065.8,23537.35,23587.5,442714411.0,47084.68
2024-12-23,23738.2,23869.55,23647.2,23753.45,189758237.0,18243.28
2024-12-24,23769.1,23867.65,23685.15,23727.65,177664746.0,16010.71
2024-12-26,23775.8,23854.5,23653.6,23750.2,177681783.0,16695.1
2024-12-27,23801.4,23938.85,23800.6,23813.4,176821521.0,17164.99
2024-12-30,23796.9,23915.35,23599.3,23644.9,364929453.0,33823.95
2024-12-31,23560.6,23689.85,23460.45,23644.8,193627727.0,18646.79
